"","genusspecies","sprecords","num_eras","num_grids","distinct_site.x.interval","Genus","Subfamily","LarvalGuild","range.size","RecentTrend","HistoricTrend"
"1","Allograpta exotica",272,4,28,43,"Allograpta","Syrphinae","Predator",1005,"None","None"
"2","Allograpta obliqua",2191,4,154,320,"Allograpta","Syrphinae","Predator",1063,"Growth","Growth"
"3","Anasimyia (Lejops) bilinearis",207,4,69,98,"Anasimyia","Eristalinae","Saprophagous",1245,"None","None"
"4","Anasimyia anausis",315,4,84,125,"Anasimyia","Eristalinae","Saprophagous",1540,"Decline","Decline"
"5","Anasimyia chrysostoma",120,4,42,63,"Anasimyia","Eristalinae","Saprophagous",603,"Decline","Decline"
"6","Arctosyrphus (Lejops) willingii",130,4,29,38,"Arctosyrphus","Eristalinae","Saprophagous",500,"None","None"
"7","Baccha cognata",217,4,69,102,"Baccha","Syrphinae","Predator",1175,"None","None"
"8","Baccha elongata",119,4,46,62,"Baccha","Syrphinae","Predator",1428,"None","Growth"
"9","Blera analis",128,4,40,71,"Blera","Eristalinae","Saprophagous",183,"None","None"
"10","Blera armillata",76,4,41,55,"Blera","Eristalinae","Saprophagous",963,"None","None"
"11","Blera badia",186,4,61,97,"Blera","Eristalinae","Saprophagous",322,"None","None"
"12","Blera confusa",198,4,56,83,"Blera","Eristalinae","Saprophagous",957,"None","None"
"13","Blera nigra",174,4,56,81,"Blera","Eristalinae","Saprophagous",1377,"None","None"
"14","Blera pictipes",96,4,21,30,"Blera","Eristalinae","Saprophagous",219,"None","None"
"15","Blera scitula",264,4,55,104,"Blera","Eristalinae","Saprophagous",201,"None","None"
"16","Brachyopa flavescens",67,4,19,29,"Brachyopa","Eristalinae","Saprophagous",150,"None","None"
"17","Brachyopa notata",205,4,58,82,"Brachyopa","Eristalinae","Saprophagous",1478,"None","None"
"18","Brachyopa perplexa",95,4,16,24,"Brachyopa","Eristalinae","Saprophagous",133,"None","None"
"19","Brachypalpus amithaon",71,4,20,44,"Brachypalpus","Eristalinae","Saprophagous",66,"None","None"
"20","Brachypalpus cyanella",62,4,16,34,"Brachypalpus","Eristalinae","Saprophagous",48,"None","None"
"21","Brachypalpus femoratus",135,4,47,81,"Brachypalpus","Eristalinae","Saprophagous",810,"None","Decline"
"22","Brachypalpus oarus (margaritus)",282,4,54,102,"Brachypalpus","Eristalinae","Saprophagous",589,"None","None"
"23","Ceriana abbreviata",80,4,49,63,"Ceriana","Eristalinae","Saprophagous",964,"None","None"
"24","Chalcosyrphus (Xylota) libo",152,4,55,72,"Chalcosyrphus","Eristalinae","Saprophagous",743,"None","Growth"
"25","Chalcosyrphus (Xylota) nemorum",477,4,88,155,"Chalcosyrphus","Eristalinae","Saprophagous",1396,"None","None"
"26","Chalcosyrphus (Xylota) piger (pigra)",151,4,72,92,"Chalcosyrphus","Eristalinae","Saprophagous",1399,"None","None"
"27","Chalcosyrphus (Xylota) vecors",163,4,71,103,"Chalcosyrphus","Eristalinae","Saprophagous",1494,"None","None"
"28","Chalcosyrphus anthreas",53,4,26,32,"Chalcosyrphus","Eristalinae","Saprophagous",254,"None","None"
"29","Chalcosyrphus chalybeus",117,4,44,77,"Chalcosyrphus","Eristalinae","Saprophagous",209,"None","None"
"30","Chalcosyrphus curvaria",190,4,63,108,"Chalcosyrphus","Eristalinae","Saprophagous",1165,"None","None"
"31","Chalcosyrphus inarmatus",94,4,25,34,"Chalcosyrphus","Eristalinae","Saprophagous",493,"None","None"
"32","Chalcosyrphus metallicus",64,4,17,23,"Chalcosyrphus","Eristalinae","Saprophagous",211,"None","None"
"33","Chalcosyrphus plesia",111,4,17,32,"Chalcosyrphus","Eristalinae","Saprophagous",129,"None","None"
"34","Cheilosia hunteri (nigrofasciata)",138,4,22,26,"Cheilosia","Eristalinae","Phytophagous",1121,"None","None"
"35","Cheilosia lasiophthalmus (browni,nigroapicata)",62,4,27,29,"Cheilosia","Eristalinae","Phytophagous",1376,"None","None"
"36","Cheilosia latrans (tristis)",410,4,61,73,"Cheilosia","Eristalinae","Phytophagous",1262,"None","None"
"37","Cheilosia orilliaensis (consentiens)",124,4,33,47,"Cheilosia","Eristalinae","Phytophagous",538,"Decline","Decline"
"38","Cheilosia pallipes",78,4,21,22,"Cheilosia","Eristalinae","Phytophagous",497,"None","None"
"39","Cheilosia prima",195,4,26,57,"Cheilosia","Eristalinae","Phytophagous",594,"Decline","None"
"40","Cheilosia rita (alpinensis)",236,4,62,82,"Cheilosia","Eristalinae","Phytophagous",1429,"None","None"
"41","Cheilosia yukonensis (varipila,variseta)",92,4,19,23,"Cheilosia","Eristalinae","Phytophagous",1001,"None","None"
"42","Chrysogaster antitheus (ontario)",267,4,45,61,"Chrysogaster","Eristalinae","Saprophagous",636,"Decline","None"
"43","Chrysosyrphus latus (versipellis)",177,4,30,44,"Chrysosyrphus","Eristalinae","Saprophagous",924,"None","None"
"44","Chrysotoxum chinook",232,4,44,81,"Chrysotoxum","Syrphinae","Predator",316,"Decline","Decline"
"45","Chrysotoxum coloradense (fasciatum)",202,4,61,93,"Chrysotoxum","Syrphinae","Predator",761,"Decline","Decline"
"46","Chrysotoxum derivatum (columbianum,integre,minor,ventricosum)",953,4,118,219,"Chrysotoxum","Syrphinae","Predator",1382,"Decline","Decline"
"47","Chrysotoxum flavifrons",540,4,146,197,"Chrysotoxum","Syrphinae","Predator",1568,"Decline","None"
"48","Chrysotoxum plumeum (perplexum)",424,4,121,175,"Chrysotoxum","Syrphinae","Predator",1470,"Decline","None"
"49","Chrysotoxum pubescens (luteopilosum)",226,4,50,82,"Chrysotoxum","Syrphinae","Predator",433,"Decline","None"
"50","Chrysotoxum ypsilon",58,4,14,19,"Chrysotoxum","Syrphinae","Predator",104,"None","None"
"51","Copestylum (Volucella) satur",112,4,31,49,"Copestylum","Eristalinae","Saprophagous",373,"None","None"
"52","Copestylum (Volucella) vittatum (americana)",146,4,53,74,"Copestylum","Eristalinae","Saprophagous",745,"None","None"
"53","Copestylum anna",164,4,11,19,"Copestylum","Eristalinae","Saprophagous",49,"None","None"
"54","Copestylum avidum",180,4,33,60,"Copestylum","Eristalinae","Saprophagous",365,"None","None"
"55","Copestylum haagii",149,4,15,32,"Copestylum","Eristalinae","Saprophagous",95,"None","None"
"56","Copestylum marginatum",184,4,30,61,"Copestylum","Eristalinae","Saprophagous",262,"None","None"
"57","Copestylum mexicanum",226,4,42,86,"Copestylum","Eristalinae","Saprophagous",518,"None","None"
"58","Copestylum tamaulipanum",71,4,14,32,"Copestylum","Eristalinae","Saprophagous",57,"None","None"
"59","Copestylum vesicularium",95,4,35,47,"Copestylum","Eristalinae","Saprophagous",258,"None","Growth"
"60","Copestylum violaceum",302,4,21,42,"Copestylum","Eristalinae","Saprophagous",134,"None","None"
"61","Criorhina bubulcus (luna)",289,4,32,88,"Criorhina","Eristalinae","Saprophagous",133,"None","None"
"62","Criorhina caudata",293,4,38,80,"Criorhina","Eristalinae","Saprophagous",128,"Decline","None"
"63","Criorhina kincaidi",184,4,18,39,"Criorhina","Eristalinae","Saprophagous",46,"None","None"
"64","Criorhina nigripes",219,4,28,54,"Criorhina","Eristalinae","Saprophagous",532,"None","None"
"65","Criorhina nigriventris (maritima,mystaceae)",204,4,66,92,"Criorhina","Eristalinae","Saprophagous",957,"None","None"
"66","Criorhina tricolor",217,4,29,66,"Criorhina","Eristalinae","Saprophagous",333,"None","None"
"67","Criorhina verbosa",181,4,42,81,"Criorhina","Eristalinae","Saprophagous",258,"Decline","None"
"68","Dasysyrphus (Syrphus) venustus (arcuatus)",416,4,130,180,"Dasysyrphus","Syrphinae","Predator",1716,"None","None"
"69","Dasysyrphus amalopis",63,4,17,18,"Dasysyrphus","Syrphinae","Predator",962,"None","None"
"70","Dasysyrphus creper",209,4,61,105,"Dasysyrphus","Syrphinae","Predator",303,"Decline","Decline"
"71","Dasysyrphus intrudens",2158,4,275,572,"Dasysyrphus","Syrphinae","Predator",1849,"Decline","Decline"
"72","Dasysyrphus laticaudus",174,4,40,57,"Dasysyrphus","Syrphinae","Predator",1070,"None","None"
"73","Dasysyrphus limatus",155,4,52,72,"Dasysyrphus","Syrphinae","Predator",1345,"Decline","None"
"74","Dasysyrphus occidualis",88,4,34,40,"Dasysyrphus","Syrphinae","Predator",435,"None","None"
"75","Dasysyrphus pacificus",122,4,28,42,"Dasysyrphus","Syrphinae","Predator",299,"None","None"
"76","Dasysyrphus pauxillus",210,4,56,91,"Dasysyrphus","Syrphinae","Predator",1080,"Decline","None"
"77","Didea alneti",55,4,35,39,"Didea","Syrphinae","Predator",1172,"None","None"
"78","Didea fuscipes",218,4,86,131,"Didea","Syrphinae","Predator",1130,"None","None"
"79","Dioprosopa (Pseudodoros) clavatus",2075,4,46,81,"Dioprosopa","Syrphinae","Predator",527,"None","None"
"80","Doros aequalis",159,4,48,65,"Doros","Syrphinae","Predator",1065,"None","None"
"81","Epistrophe grossulariae",694,4,140,243,"Epistrophe","Syrphinae","Predator",1299,"Growth","Growth"
"82","Epistrophe nitidicollis",189,4,61,91,"Epistrophe","Syrphinae","Predator",1257,"None","None"
"83","Epistrophe terminalis",89,4,28,36,"Epistrophe","Syrphinae","Predator",1034,"None","None"
"84","Epistrophe xanthostoma",143,4,58,83,"Epistrophe","Syrphinae","Predator",964,"None","None"
"85","Epistrophella (Epistrophe) emarginata",455,4,109,182,"Epistrophella","Syrphinae","Predator",1408,"None","None"
"86","Eristalinus aeneus",206,4,62,86,"Eristalinus","Eristalinae","Saprophagous",882,"None","Growth"
"87","Eristalis anthophorina (bastardii)",1655,4,238,468,"Eristalis","Eristalinae","Saprophagous",1701,"None","None"
"88","Eristalis arbustorum",2794,4,248,604,"Eristalis","Eristalinae","Saprophagous",1776,"Decline","Decline"
"89","Eristalis brousii",616,4,106,168,"Eristalis","Eristalinae","Saprophagous",1232,"Decline","Decline"
"90","Eristalis cryptarum (compactus)",226,4,74,101,"Eristalis","Eristalinae","Saprophagous",1288,"None","None"
"91","Eristalis dimidiata",1336,4,183,323,"Eristalis","Eristalinae","Saprophagous",1520,"None","None"
"92","Eristalis flavipes",1142,4,251,391,"Eristalis","Eristalinae","Saprophagous",1708,"Growth","Growth"
"93","Eristalis fraterculus",238,4,33,39,"Eristalis","Eristalinae","Saprophagous",799,"Decline","Decline"
"94","Eristalis hirta",794,4,129,233,"Eristalis","Eristalinae","Saprophagous",1560,"Decline","Decline"
"95","Eristalis nemorum (interrupta)",579,4,126,193,"Eristalis","Eristalinae","Saprophagous",1288,"None","None"
"96","Eristalis obscura",998,4,155,228,"Eristalis","Eristalinae","Saprophagous",1607,"None","None"
"97","Eristalis rupium",155,4,38,50,"Eristalis","Eristalinae","Saprophagous",1014,"None","None"
"98","Eristalis stipator",530,4,146,217,"Eristalis","Eristalinae","Saprophagous",1120,"None","None"
"99","Eristalis tenax",3434,4,289,640,"Eristalis","Eristalinae","Saprophagous",2109,"Growth","Growth"
"100","Eristalis transversa",1354,4,122,278,"Eristalis","Eristalinae","Saprophagous",562,"Growth","Growth"
"101","Eumerus funeralis",248,4,40,63,"Eumerus","Eristalinae","Saprophagous",1096,"None","None"
"102","Eumerus strigatus",561,4,53,73,"Eumerus","Eristalinae","Saprophagous",983,"None","None"
"103","Eupeodes americanus",1002,4,159,289,"Eupeodes","Syrphinae","Predator",1648,"Growth","Growth"
"104","Eupeodes curtus",467,4,66,75,"Eupeodes","Syrphinae","Predator",1450,"None","None"
"105","Eupeodes flukei",57,4,30,35,"Eupeodes","Syrphinae","Predator",761,"None","None"
"106","Eupeodes fumipennis",1146,4,57,128,"Eupeodes","Syrphinae","Predator",329,"Growth","Growth"
"107","Eupeodes latifasciatus",302,4,87,105,"Eupeodes","Syrphinae","Predator",1742,"None","None"
"108","Eupeodes luniger (vockerothi)",358,4,94,121,"Eupeodes","Syrphinae","Predator",1478,"None","None"
"109","Eupeodes perplexus",310,4,121,185,"Eupeodes","Syrphinae","Predator",1642,"None","None"
"110","Eupeodes pomus",110,4,63,78,"Eupeodes","Syrphinae","Predator",1212,"None","None"
"111","Eupeodes volucris",2079,4,164,317,"Eupeodes","Syrphinae","Predator",1513,"None","None"
"112","Eurimyia (Lejops) lineatus",197,4,20,25,"Eurimyia","Eristalinae","Saprophagous",672,"None","None"
"113","Eurimyia stipata",239,4,73,120,"Eurimyia","Eristalinae","Saprophagous",845,"None","None"
"114","Fazia (Allograpta) micrura",145,4,17,30,"Fazia","Syrphinae","Phytophagous",280,"None","None"
"115","Ferdinandea buccata (dives)",331,4,84,125,"Ferdinandea","Eristalinae","Saprophagous",1568,"None","None"
"116","Ferdinandea croesus",139,4,44,73,"Ferdinandea","Eristalinae","Saprophagous",1065,"None","None"
"117","Hadromyia (Caliprobola) crawfordi",240,4,49,111,"Hadromyia","Eristalinae","Unknown",189,"None","None"
"118","Hadromyia grandis",98,4,19,39,"Hadromyia","Eristalinae","Unknown",68,"None","None"
"119","Hadromyia pulchra",274,4,42,101,"Hadromyia","Eristalinae","Unknown",149,"None","None"
"120","Hammerschmidtia (Brachyopa) rufa (ferruginea)",140,4,62,88,"Hammerschmidtia","Eristalinae","Saprophagous",1276,"None","None"
"121","Hammerschmidtia sedmani",57,4,26,31,"Hammerschmidtia","Eristalinae","Saprophagous",544,"None","None"
"122","Helophilus fasciatus",1777,4,200,414,"Helophilus","Eristalinae","Saprophagous",1586,"Growth","Growth"
"123","Helophilus groenlandicus",440,4,76,96,"Helophilus","Eristalinae","Saprophagous",1636,"Decline","Decline"
"124","Helophilus hybridus",423,4,109,178,"Helophilus","Eristalinae","Saprophagous",1065,"None","None"
"125","Helophilus lapponicus",987,4,132,168,"Helophilus","Eristalinae","Saprophagous",1849,"None","None"
"126","Helophilus latifrons",571,4,134,222,"Helophilus","Eristalinae","Saprophagous",1254,"Decline","Decline"
"127","Helophilus obscurus",687,4,122,156,"Helophilus","Eristalinae","Saprophagous",1445,"None","None"
"128","Heringia canadensis",68,4,28,36,"Heringia","Pipizinae","Predator",804,"None","None"
"129","Heringia salax",139,4,41,59,"Heringia","Pipizinae","Predator",602,"None","None"
"130","Hiatomyia cyanescens",95,4,25,44,"Hiatomyia","Eristalinae","Unknown",265,"None","None"
"131","Hypocritanus (Ocyptamus) fascipennis",441,4,102,197,"Hypocritanus","Syrphinae","Predator",1156,"Growth","Growth"
"132","Hypocritanus (Ocyptamus) lemur",139,4,40,56,"Hypocritanus","Syrphinae","Predator",304,"None","None"
"133","Lapposyrphus (Eupeodes) aberrantis",70,4,25,39,"Lapposyrphus","Syrphinae","Predator",1935,"None","None"
"134","Lapposyrphus (Eupeodes,Metasyrphus) lapponicus",2392,4,273,466,"Lapposyrphus","Syrphinae","Predator",96,"None","None"
"135","Lejops cooleyi",83,4,12,15,"Lejops","Eristalinae","Saprophagous",89,"None","None"
"136","Lejops polygrammus",151,4,41,63,"Lejops","Eristalinae","Saprophagous",424,"None","None"
"137","Lejota aerea",66,4,17,20,"Lejota","Eristalinae","Saprophagous",195,"None","None"
"138","Lejota cyanea",67,4,22,32,"Lejota","Eristalinae","Saprophagous",836,"Decline","Decline"
"139","Leucozona americana",146,4,54,71,"Leucozona","Syrphinae","Predator",1411,"None","None"
"140","Leucozona velutina",68,4,12,18,"Leucozona","Syrphinae","Predator",119,"None","None"
"141","Mallota (Imatisma) bautias",337,4,95,159,"Mallota","Eristalinae","Saprophagous",753,"None","None"
"142","Mallota (Imatisma) posticata (bardus,separata)",322,4,87,154,"Mallota","Eristalinae","Saprophagous",732,"None","Growth"
"143","Megasyrphus (Eriozona) laxus",429,4,95,150,"Megasyrphus","Syrphinae","Predator",1726,"None","None"
"144","Melangyna arctica",415,4,62,77,"Melangyna","Syrphinae","Predator",1622,"Decline","None"
"145","Melangyna fisherii",57,4,36,39,"Melangyna","Syrphinae","Predator",1098,"None","None"
"146","Melangyna labiatarum",185,4,46,52,"Melangyna","Syrphinae","Predator",1380,"None","None"
"147","Melangyna lasiophthalma",473,4,107,152,"Melangyna","Syrphinae","Predator",1483,"Decline","Decline"
"148","Melangyna subfasciata",103,4,9,14,"Melangyna","Syrphinae","Predator",179,"None","None"
"149","Melangyna umbellatarum",427,4,99,138,"Melangyna","Syrphinae","Predator",1502,"Decline","Decline"
"150","Melanostoma mellinum (angustatum,fallax,melanderi,pallitarsis)",8949,4,451,958,"Melanostoma","Syrphinae","Predator",2191,"None","Growth"
"151","Meligramma (Melangyna) triangulifera",262,4,66,94,"Meligramma","Syrphinae","Predator",1198,"Decline","None"
"152","Meliscaeva cinctella",1585,4,175,295,"Meliscaeva","Syrphinae","Predator",1710,"None","Growth"
"153","Merodon equestris",543,4,68,126,"Merodon","Eristalinae","Phytophagous",1143,"None","Growth"
"154","Meromacrus acutus",86,4,37,52,"Meromacrus","Eristalinae","Saprophagous",250,"None","None"
"155","Microdon abditus",80,4,27,40,"Microdon","Microdontinae","BroodParasite",248,"None","None"
"156","Microdon cothurnatus",149,4,46,60,"Microdon","Microdontinae","BroodParasite",782,"None","None"
"157","Microdon globosus (hutchingsi)",158,4,63,77,"Microdon","Microdontinae","BroodParasite",956,"None","None"
"158","Microdon manitobensis",115,4,47,62,"Microdon","Microdontinae","BroodParasite",659,"None","None"
"159","Microdon piperi",77,4,17,26,"Microdon","Microdontinae","BroodParasite",246,"None","None"
"160","Microdon ruficrus (basicornis)",69,4,28,39,"Microdon","Microdontinae","BroodParasite",515,"None","None"
"161","Microdon tristis",171,4,54,90,"Microdon","Microdontinae","BroodParasite",834,"None","None"
"162","Milesia virginiensis",152,4,55,89,"Milesia","Eristalinae","Saprophagous",349,"None","Growth"
"163","Myolepta pretiosa",68,4,11,15,"Myolepta","Eristalinae","Saprophagous",192,"None","None"
"164","Myolepta strigilata",57,4,22,26,"Myolepta","Eristalinae","Saprophagous",243,"None","None"
"165","Myolepta varipes",51,4,23,28,"Myolepta","Eristalinae","Saprophagous",299,"None","None"
"166","Nausigaster unimaculata",57,4,13,24,"Nausigaster","Eristalinae","Saprophagous",72,"None","None"
"167","Neoascia geniculata (conica)",57,4,22,24,"Neoascia","Eristalinae","Saprophagous",506,"None","None"
"168","Neoascia globosa (distincta)",157,4,31,52,"Neoascia","Eristalinae","Saprophagous",614,"Decline","Decline"
"169","Neoascia metallica",306,4,94,127,"Neoascia","Eristalinae","Saprophagous",1286,"None","None"
"170","Neoascia sandsi",111,4,30,50,"Neoascia","Eristalinae","Saprophagous",305,"Decline","None"
"171","Neoascia tenur",382,4,67,85,"Neoascia","Eristalinae","Saprophagous",1455,"Decline","None"
"172","Neocnemodon (Heringia) coxalis",124,4,45,53,"Neocnemodon","Pipizinae","Predator",870,"None","None"
"173","Neocnemodon calcarata",57,4,21,29,"Neocnemodon","Pipizinae","Predator",526,"None","None"
"174","Neocnemodon elongata",51,4,22,27,"Neocnemodon","Pipizinae","Predator",584,"Decline","None"
"175","Neocnemodon rita",69,4,23,24,"Neocnemodon","Pipizinae","Predator",1262,"None","None"
"176","Ocyptamus fuscipennis",292,4,75,143,"Ocyptamus","Syrphinae","Predator",456,"None","Growth"
"177","Orthonevra nitida",173,4,68,89,"Orthonevra","Eristalinae","Saprophagous",498,"None","None"
"178","Orthonevra pulchella",392,4,66,102,"Orthonevra","Eristalinae","Saprophagous",867,"None","Growth"
"179","Orthonevra weemsi",85,4,15,15,"Orthonevra","Eristalinae","Saprophagous",155,"None","None"
"180","Palpada vinetorum",120,4,55,75,"Palpada","Eristalinae","Saprophagous",513,"None","None"
"181","Paragus angustifrons",159,4,39,59,"Paragus","Syrphinae","Predator",796,"Decline","Decline"
"182","Paragus haemorrhous",1872,4,139,244,"Paragus","Syrphinae","Predator",1464,"None","Growth"
"183","Parasyrphus genualis",175,4,62,81,"Parasyrphus","Syrphinae","Predator",1294,"None","None"
"184","Parasyrphus groenlandica (bulbosus,interruptus)",176,4,22,25,"Parasyrphus","Syrphinae","Predator",464,"None","None"
"185","Parasyrphus macularis",159,4,25,28,"Parasyrphus","Syrphinae","Predator",236,"None","None"
"186","Parasyrphus nigritarsis",57,4,30,31,"Parasyrphus","Syrphinae","Predator",1142,"None","None"
"187","Parasyrphus relictus",533,4,69,99,"Parasyrphus","Syrphinae","Predator",1502,"Decline","Decline"
"188","Parasyrphus semiinterruptus",59,4,30,35,"Parasyrphus","Syrphinae","Predator",1053,"None","None"
"189","Parasyrphus tarsatus",2251,4,125,185,"Parasyrphus","Syrphinae","Predator",1761,"Decline","Decline"
"190","Parasyrphus vockerothi",256,4,57,76,"Parasyrphus","Syrphinae","Predator",1176,"Decline","Decline"
"191","Parhelophilus (Helophilus) obsoletus",217,4,44,58,"Parhelophilus","Eristalinae","Saprophagous",730,"None","None"
"192","Parhelophilus integer",62,4,20,24,"Parhelophilus","Eristalinae","Saprophagous",209,"None","None"
"193","Parhelophilus laetus",299,4,70,128,"Parhelophilus","Eristalinae","Saprophagous",1304,"None","None"
"194","Parhelophilus porcus",99,4,41,50,"Parhelophilus","Eristalinae","Saprophagous",754,"None","None"
"195","Parhelophilus rex",202,4,60,84,"Parhelophilus","Eristalinae","Saprophagous",830,"None","Growth"
"196","Pelecinobaccha (Ocyptamus) costata",120,4,38,54,"Pelecinobaccha","Syrphinae","Predator",169,"None","None"
"197","Pelecocera willistoni",54,4,12,16,"Pelecocera","Eristalinae","Unknown",52,"None","None"
"198","Pipiza crassipes (oregona)",104,4,33,43,"Pipiza","Pipizinae","Predator",544,"None","None"
"199","Pipiza femoralis",202,4,41,71,"Pipiza","Pipizinae","Predator",582,"Decline","Decline"
"200","Pipiza macrofemoralis",58,4,29,35,"Pipiza","Pipizinae","Predator",848,"None","None"
"201","Pipiza nigripilosa",107,4,26,35,"Pipiza","Pipizinae","Predator",642,"None","None"
"202","Pipiza puella (nigrotibiata)",67,4,32,41,"Pipiza","Pipizinae","Predator",186,"Decline","Decline"
"203","Pipiza quadrimaculata",86,4,32,34,"Pipiza","Pipizinae","Predator",861,"None","None"
"204","Platycheirus aeratus (pauper)",110,4,38,40,"Platycheirus","Syrphinae","Predator",1216,"None","None"
"205","Platycheirus albimanus",233,4,69,89,"Platycheirus","Syrphinae","Predator",1700,"Decline","None"
"206","Platycheirus amplus",90,4,29,35,"Platycheirus","Syrphinae","Predator",1288,"None","None"
"207","Platycheirus angustatus",254,4,74,106,"Platycheirus","Syrphinae","Predator",1333,"Decline","Decline"
"208","Platycheirus chilosia",474,4,61,75,"Platycheirus","Syrphinae","Predator",1071,"Decline","None"
"209","Platycheirus clypeatus",363,4,64,84,"Platycheirus","Syrphinae","Predator",1411,"Decline","None"
"210","Platycheirus coerulescens",186,4,55,76,"Platycheirus","Syrphinae","Predator",1319,"Decline","Decline"
"211","Platycheirus confusus",558,4,81,116,"Platycheirus","Syrphinae","Predator",1609,"Decline","None"
"212","Platycheirus flabella",83,4,21,26,"Platycheirus","Syrphinae","Predator",1189,"None","None"
"213","Platycheirus hyperboreus (erraticus)",768,4,183,293,"Platycheirus","Syrphinae","Predator",1785,"Decline","None"
"214","Platycheirus immarginatus (felix)",505,4,144,202,"Platycheirus","Syrphinae","Predator",1599,"Decline","Decline"
"215","Platycheirus inversus",93,4,37,45,"Platycheirus","Syrphinae","Predator",245,"None","None"
"216","Platycheirus kelloggi",85,4,10,15,"Platycheirus","Syrphinae","Predator",507,"None","None"
"217","Platycheirus luteipennis",81,4,33,36,"Platycheirus","Syrphinae","Predator",1022,"Decline","Decline"
"218","Platycheirus modestus",279,4,65,84,"Platycheirus","Syrphinae","Predator",1171,"Decline","Decline"
"219","Platycheirus naso (holarcticus)",535,4,115,156,"Platycheirus","Syrphinae","Predator",1756,"Decline","None"
"220","Platycheirus nearcticus",320,4,73,113,"Platycheirus","Syrphinae","Predator",1377,"None","None"
"221","Platycheirus nielseni",93,4,16,21,"Platycheirus","Syrphinae","Predator",1091,"None","None"
"222","Platycheirus nigrofemoratus",50,4,18,20,"Platycheirus","Syrphinae","Predator",671,"None","None"
"223","Platycheirus nodosus",139,4,46,50,"Platycheirus","Syrphinae","Predator",943,"Decline","None"
"224","Platycheirus obscurus",1147,4,121,279,"Platycheirus","Syrphinae","Predator",1588,"None","Growth"
"225","Platycheirus orarius",66,4,22,29,"Platycheirus","Syrphinae","Predator",243,"None","None"
"226","Platycheirus peltatoides",200,4,48,78,"Platycheirus","Syrphinae","Predator",551,"None","None"
"227","Platycheirus pictipes (concinnus,rufimaculatus)",170,4,56,71,"Platycheirus","Syrphinae","Predator",1427,"Decline","None"
"228","Platycheirus podagratus",238,4,42,50,"Platycheirus","Syrphinae","Predator",1518,"None","None"
"229","Platycheirus quadratus",644,4,90,177,"Platycheirus","Syrphinae","Predator",1181,"None","None"
"230","Platycheirus scambus",673,4,148,226,"Platycheirus","Syrphinae","Predator",1734,"None","None"
"231","Platycheirus scutatus",81,4,38,52,"Platycheirus","Syrphinae","Predator",1311,"Decline","None"
"232","Platycheirus stegnus",374,4,74,149,"Platycheirus","Syrphinae","Predator",891,"Decline","None"
"233","Platycheirus striatus",77,4,27,31,"Platycheirus","Syrphinae","Predator",1087,"Decline","None"
"234","Platycheirus thylax",71,4,30,37,"Platycheirus","Syrphinae","Predator",1114,"None","None"
"235","Platycheirus trichopus",363,4,54,111,"Platycheirus","Syrphinae","Predator",1192,"None","None"
"236","Platycheirus varipes",103,4,40,44,"Platycheirus","Syrphinae","Predator",1268,"None","None"
"237","Polydontomyia (Lejops) curvipes",275,4,68,110,"Polydontomyia","Eristalinae","Saprophagous",1372,"Growth","None"
"238","Psilota flavidipennis",79,4,10,13,"Psilota","Eristalinae","Saprophagous",139,"None","None"
"239","Pterallastes thoracicus",52,4,24,38,"Pterallastes","Eristalinae","Unknown",315,"None","None"
"240","Pyritis kincaidii (montigena)",117,4,11,27,"Pyritis","Eristalinae","Saprophagous",68,"None","None"
"241","Pyrophaena (Platycheirus) granditarsis",543,4,151,218,"Pyrophaena","Syrphinae","Predator",1516,"Decline","Decline"
"242","Pyrophaena (Platycheirus) rosarum",644,4,94,146,"Pyrophaena","Syrphinae","Predator",1110,"None","Growth"
"243","Rhingia nasica",805,4,118,247,"Rhingia","Eristalinae","Saprophagous",815,"None","None"
"244","Scaeva affinis (pyrastri)",951,4,147,319,"Scaeva","Syrphinae","Predator",1555,"None","Decline"
"245","Sericomyia bifasciata",159,4,33,46,"Sericomyia","Eristalinae","Saprophagous",290,"None","None"
"246","Sericomyia chalcopyga",1006,4,77,183,"Sericomyia","Eristalinae","Saprophagous",582,"None","None"
"247","Sericomyia chrysotoxoides",896,4,118,267,"Sericomyia","Eristalinae","Saprophagous",726,"None","Growth"
"248","Sericomyia flagrans",331,4,76,125,"Sericomyia","Eristalinae","Saprophagous",517,"None","None"
"249","Sericomyia lata",342,4,81,139,"Sericomyia","Eristalinae","Saprophagous",448,"None","Growth"
"250","Sericomyia militaris",1049,4,205,397,"Sericomyia","Eristalinae","Saprophagous",1434,"Growth","Growth"
"251","Sericomyia nigra",83,4,20,24,"Sericomyia","Eristalinae","Saprophagous",816,"None","None"
"252","Sericomyia sexfasciata",89,4,30,34,"Sericomyia","Eristalinae","Saprophagous",606,"None","None"
"253","Sericomyia transversa",173,4,42,51,"Sericomyia","Eristalinae","Saprophagous",351,"None","Growth"
"254","Somula decora",229,4,65,105,"Somula","Eristalinae","Saprophagous",415,"None","None"
"255","Sphaerophoria abbreviata",382,4,105,160,"Sphaerophoria","Syrphinae","Predator",1375,"Decline","None"
"256","Sphaerophoria asymmetrica",316,4,87,128,"Sphaerophoria","Syrphinae","Predator",1481,"Decline","Decline"
"257","Sphaerophoria contigua (cylindricus)",1054,4,161,291,"Sphaerophoria","Syrphinae","Predator",1670,"Decline","None"
"258","Sphaerophoria novaeangliae",182,4,54,77,"Sphaerophoria","Syrphinae","Predator",1030,"None","None"
"259","Sphaerophoria philanthus (dubia,nigritarsi,robusta)",2565,4,289,541,"Sphaerophoria","Syrphinae","Predator",1888,"Decline","Decline"
"260","Sphaerophoria pyrrhina (guttulata)",113,4,49,55,"Sphaerophoria","Syrphinae","Predator",1179,"Decline","Decline"
"261","Sphaerophoria sulphuripes",396,4,54,112,"Sphaerophoria","Syrphinae","Predator",349,"None","None"
"262","Sphecomyia (Chrysotoxum) vittata",299,4,81,131,"Sphecomyia","Eristalinae","Saprophagous",671,"None","None"
"263","Sphecomyia brevicornis",121,4,29,48,"Sphecomyia","Eristalinae","Saprophagous",129,"Decline","None"
"264","Sphecomyia dyari",71,4,16,38,"Sphecomyia","Eristalinae","Saprophagous",34,"Decline","None"
"265","Sphecomyia pattonii",139,4,30,50,"Sphecomyia","Eristalinae","Saprophagous",94,"None","None"
"266","Sphegina brachygaster",95,4,30,40,"Sphegina","Eristalinae","Saprophagous",628,"None","None"
"267","Sphegina campanulata",79,4,29,35,"Sphegina","Eristalinae","Saprophagous",246,"None","None"
"268","Sphegina flavimana",90,4,32,46,"Sphegina","Eristalinae","Saprophagous",385,"Decline","Decline"
"269","Sphegina flavomaculata (notata)",61,4,17,22,"Sphegina","Eristalinae","Saprophagous",466,"None","None"
"270","Sphegina keeniana",106,4,36,45,"Sphegina","Eristalinae","Saprophagous",170,"None","None"
"271","Sphegina lobata",76,4,25,40,"Sphegina","Eristalinae","Saprophagous",254,"None","None"
"272","Sphegina petiolata",55,4,30,40,"Sphegina","Eristalinae","Saprophagous",493,"None","None"
"273","Sphegina rufiventris",412,4,64,87,"Sphegina","Eristalinae","Saprophagous",340,"None","None"
"274","Sphiximorpha (Ceriana) willistoni",113,4,25,36,"Sphiximorpha","Eristalinae","Saprophagous",257,"None","None"
"275","Spilomyia alcimus",70,4,37,45,"Spilomyia","Eristalinae","Saprophagous",438,"None","None"
"276","Spilomyia foxleei",80,4,18,33,"Spilomyia","Eristalinae","Saprophagous",112,"None","None"
"277","Spilomyia fusca",313,4,75,133,"Spilomyia","Eristalinae","Saprophagous",309,"Growth","Growth"
"278","Spilomyia liturata",60,4,22,33,"Spilomyia","Eristalinae","Saprophagous",140,"None","None"
"279","Spilomyia longicornis",246,4,51,94,"Spilomyia","Eristalinae","Saprophagous",331,"None","None"
"280","Spilomyia sayi",429,4,80,165,"Spilomyia","Eristalinae","Saprophagous",648,"Growth","Growth"
"281","Syritta pipiens",2297,4,232,515,"Syritta","Eristalinae","Saprophagous",1502,"None","Growth"
"282","Syrphus attenuatus",179,4,53,64,"Syrphus","Syrphinae","Predator",1227,"None","None"
"283","Syrphus knabi",134,4,41,59,"Syrphus","Syrphinae","Predator",380,"None","None"
"284","Syrphus opinator",1425,4,112,274,"Syrphus","Syrphinae","Predator",902,"None","None"
"285","Syrphus rectus (transversalis)",643,4,102,182,"Syrphus","Syrphinae","Predator",794,"None","None"
"286","Syrphus ribesii (bigelowi)",3337,4,350,646,"Syrphus","Syrphinae","Predator",1882,"None","None"
"287","Syrphus torvus",2278,4,223,395,"Syrphus","Syrphinae","Predator",1778,"Decline","Decline"
"288","Syrphus vitripennis",1000,4,180,267,"Syrphus","Syrphinae","Predator",1834,"None","None"
"289","Temnostoma alternans",862,4,121,232,"Temnostoma","Eristalinae","Saprophagous",1052,"None","None"
"290","Temnostoma balyras",640,4,96,180,"Temnostoma","Eristalinae","Saprophagous",457,"Decline","None"
"291","Temnostoma barberi",492,4,89,159,"Temnostoma","Eristalinae","Saprophagous",690,"None","None"
"292","Temnostoma daochus",135,4,26,47,"Temnostoma","Eristalinae","Saprophagous",251,"None","None"
"293","Temnostoma excentrica (vespiforme)",715,4,171,293,"Temnostoma","Eristalinae","Saprophagous",1512,"None","None"
"294","Temnostoma obscurum",52,4,36,40,"Temnostoma","Eristalinae","Saprophagous",1009,"None","None"
"295","Temnostoma trifasciatum",126,4,23,44,"Temnostoma","Eristalinae","Saprophagous",206,"None","None"
"296","Teuchocnemis lituratus",88,4,32,45,"Teuchocnemis","Eristalinae","Unknown",212,"None","None"
"297","Toxomerus geminatus",3577,4,167,364,"Toxomerus","Syrphinae","Predator",1154,"Growth","Growth"
"298","Toxomerus marginatus",7722,4,322,656,"Toxomerus","Syrphinae","Predator",1502,"Growth","Growth"
"299","Toxomerus occidentalis",675,4,46,124,"Toxomerus","Syrphinae","Predator",173,"None","None"
"300","Toxomerus politus",236,4,58,79,"Toxomerus","Syrphinae","Predator",608,"None","None"
"301","Trichopsomyia apisaon",360,4,84,119,"Trichopsomyia","Pipizinae","Predator",1563,"None","None"
"302","Tropidia albistylum",58,4,27,38,"Tropidia","Eristalinae","Saprophagous",235,"None","None"
"303","Tropidia quadrata",577,4,114,189,"Tropidia","Eristalinae","Saprophagous",993,"None","None"
"304","Volucella arctica",252,4,54,73,"Volucella","Eristalinae","BroodParasite",1073,"None","None"
"305","Volucella evecta",228,4,54,104,"Volucella","Eristalinae","BroodParasite",410,"None","Decline"
"306","Volucella facialis (lateralis,rufomaculata)",573,4,184,272,"Volucella","Eristalinae","BroodParasite",1676,"Decline","Decline"
"307","Xanthogramma (Philhelius) flavipes",305,4,58,108,"Xanthogramma","Syrphinae","Predator",278,"None","None"
"308","Xylota angustiventris",85,4,29,47,"Xylota","Eristalinae","Saprophagous",186,"None","None"
"309","Xylota annulifera",307,4,52,63,"Xylota","Eristalinae","Saprophagous",383,"None","None"
"310","Xylota barbata",200,4,37,63,"Xylota","Eristalinae","Saprophagous",361,"None","None"
"311","Xylota confusa",140,4,46,54,"Xylota","Eristalinae","Saprophagous",518,"None","None"
"312","Xylota flavifrons",91,4,37,39,"Xylota","Eristalinae","Saprophagous",1359,"None","None"
"313","Xylota flavitibia",187,4,57,74,"Xylota","Eristalinae","Saprophagous",1274,"Decline","Decline"
"314","Xylota hinei",123,4,59,68,"Xylota","Eristalinae","Saprophagous",828,"None","None"
"315","Xylota naknek (atlantica)",228,4,64,75,"Xylota","Eristalinae","Saprophagous",1263,"None","None"
"316","Xylota quadrimaculata (artemita)",777,4,94,144,"Xylota","Eristalinae","Saprophagous",989,"None","None"
"317","Xylota subfasciata",578,4,100,121,"Xylota","Eristalinae","Saprophagous",1522,"None","None"
"318","Xylota wellesleyana",134,4,13,20,"Xylota","Eristalinae","Saprophagous",124,"None","None"
