"genusspecies","sprecords","num_eras","num_grids","distinct_site.x.interval","Genus","Subfamily","LarvalGuild","RangeSize","BodySize","rothole","introduced","RecentTrend","HistoricTrend","RecentEstimate","HistoricEstimate"
"Allograpta exotica",272,4,28,43,"Allograpta","Syrphinae","Predator",1005,NA,"Other",NA,"WeakSupport","WeakSupport","0.383 [-0.432, 1.404]","0.876 [-0.271, 2.204]"
"Allograpta obliqua",2191,4,154,320,"Allograpta","Syrphinae","Predator",1063,7.2,"Other","no","Increase","Increase","0.29 [0.016, 0.621]","0.722 [0.265, 1.228]"
"Anasimyia (Lejops) bilinearis",207,4,69,98,"Anasimyia","Eristalinae","Saprophagous",1245,NA,"Other",NA,"WeakSupport","WeakSupport","-0.29 [-0.646, 0.097]","-0.286 [-0.623, 0.068]"
"Anasimyia anausis",315,4,84,125,"Anasimyia","Eristalinae","Saprophagous",1540,8.85,"Other","no","Decline","Decline","-0.607 [-0.807, -0.375]","-0.547 [-0.78, -0.284]"
"Anasimyia chrysostoma",120,4,42,63,"Anasimyia","Eristalinae","Saprophagous",603,9.4,"Other","no","Decline","Decline","-0.569 [-0.846, -0.25]","-0.549 [-0.832, -0.244]"
"Arctosyrphus (Lejops) willingii",130,4,29,38,"Arctosyrphus","Eristalinae","Saprophagous",500,NA,"Other",NA,"WeakSupport","WeakSupport","-0.215 [-0.794, 0.345]","-0.182 [-0.735, 0.368]"
"Baccha cognata",217,4,69,102,"Baccha","Syrphinae","Predator",1175,NA,"Other",NA,"WeakSupport","WeakSupport","-0.139 [-0.472, 0.184]","0.018 [-0.376, 0.435]"
"Baccha elongata",119,4,46,62,"Baccha","Syrphinae","Predator",1428,8.7,"Other","no","WeakSupport","Increase","0.619 [-0.176, 1.621]","1.152 [0.022, 2.519]"
"Blera analis",128,4,40,71,"Blera","Eristalinae","Saprophagous",183,NA,"Rothole Specialist",NA,"WeakSupport","WeakSupport","0.004 [-0.315, 0.331]","0.121 [-0.219, 0.494]"
"Blera armillata",76,4,41,55,"Blera","Eristalinae","Saprophagous",963,NA,"Rothole Specialist",NA,"WeakSupport","WeakSupport","-0.13 [-0.583, 0.293]","0.081 [-0.488, 0.647]"
"Blera badia",186,4,61,97,"Blera","Eristalinae","Saprophagous",322,NA,"Rothole Specialist",NA,"WeakSupport","WeakSupport","0.026 [-0.17, 0.25]","0.126 [-0.098, 0.405]"
"Blera confusa",198,4,56,83,"Blera","Eristalinae","Saprophagous",957,NA,"Rothole Specialist",NA,"WeakSupport","WeakSupport","-0.02 [-0.346, 0.31]","0.226 [-0.212, 0.767]"
"Blera nigra",174,4,56,81,"Blera","Eristalinae","Saprophagous",1377,NA,"Rothole Specialist",NA,"WeakSupport","WeakSupport","-0.015 [-0.361, 0.314]","0.318 [-0.216, 0.931]"
"Blera pictipes",96,4,21,30,"Blera","Eristalinae","Saprophagous",219,NA,"Rothole Specialist",NA,"WeakSupport","WeakSupport","-0.368 [-0.834, 0.123]","-0.243 [-0.785, 0.322]"
"Blera scitula",264,4,55,104,"Blera","Eristalinae","Saprophagous",201,NA,"Rothole Specialist",NA,"WeakSupport","WeakSupport","0.014 [-0.258, 0.279]","0.115 [-0.18, 0.411]"
"Brachyopa flavescens",67,4,19,29,"Brachyopa","Eristalinae","Saprophagous",150,NA,"Other",NA,"WeakSupport","WeakSupport","-0.152 [-0.636, 0.238]","-0.004 [-0.555, 0.491]"
"Brachyopa notata",205,4,58,82,"Brachyopa","Eristalinae","Saprophagous",1478,NA,"Other",NA,"WeakSupport","WeakSupport","0.084 [-0.35, 0.61]","0.18 [-0.282, 0.672]"
"Brachyopa perplexa",95,4,16,24,"Brachyopa","Eristalinae","Saprophagous",133,NA,"Other",NA,"WeakSupport","WeakSupport","0.043 [-0.576, 0.724]","0.172 [-0.488, 0.86]"
"Brachypalpus amithaon",71,4,20,44,"Brachypalpus","Eristalinae","Saprophagous",66,NA,"Other",NA,"WeakSupport","WeakSupport","-0.235 [-0.746, 0.312]","-0.141 [-0.667, 0.448]"
"Brachypalpus cyanella",62,4,16,34,"Brachypalpus","Eristalinae","Saprophagous",48,NA,"Other",NA,"WeakSupport","WeakSupport","0.004 [-0.524, 0.544]","0.246 [-0.421, 0.96]"
"Brachypalpus femoratus",135,4,47,81,"Brachypalpus","Eristalinae","Saprophagous",810,13.6,"Other","no","WeakSupport","Decline","-0.415 [-0.805, 0.06]","-0.54 [-0.825, -0.219]"
"Brachypalpus oarus (margaritus)",281,4,53,101,"Brachypalpus","Eristalinae","Saprophagous",349,NA,"Other",NA,"WeakSupport","WeakSupport","-0.011 [-0.287, 0.266]","0.163 [-0.171, 0.551]"
"Ceriana abbreviata",80,4,49,63,"Ceriana","Eristalinae","Saprophagous",964,NA,"Other",NA,"WeakSupport","WeakSupport","0.063 [-0.426, 0.597]","0.038 [-0.354, 0.383]"
"Chalcosyrphus (Xylota) libo",152,4,55,72,"Chalcosyrphus","Eristalinae","Saprophagous",743,9.5,"Other","no","WeakSupport","Increase","0.383 [-0.114, 1.028]","1.028 [0.063, 2.216]"
"Chalcosyrphus (Xylota) nemorum",477,4,88,155,"Chalcosyrphus","Eristalinae","Saprophagous",1396,NA,"Other",NA,"WeakSupport","WeakSupport","0.172 [-0.255, 0.65]","0.41 [-0.107, 0.997]"
"Chalcosyrphus (Xylota) piger (pigra)",151,4,72,92,"Chalcosyrphus","Eristalinae","Saprophagous",1399,NA,"Other",NA,"WeakSupport","WeakSupport","0.046 [-0.414, 0.551]","0.075 [-0.36, 0.494]"
"Chalcosyrphus (Xylota) vecors",163,4,71,103,"Chalcosyrphus","Eristalinae","Saprophagous",1494,NA,"Other",NA,"WeakSupport","WeakSupport","-0.087 [-0.413, 0.204]","0.12 [-0.285, 0.565]"
"Chalcosyrphus anthreas",53,4,26,32,"Chalcosyrphus","Eristalinae","Saprophagous",254,NA,"Other",NA,"WeakSupport","WeakSupport","0.051 [-0.391, 0.541]","0.295 [-0.244, 1.021]"
"Chalcosyrphus chalybeus",117,4,44,77,"Chalcosyrphus","Eristalinae","Saprophagous",209,NA,"Other",NA,"WeakSupport","WeakSupport","0.03 [-0.24, 0.307]","0.179 [-0.127, 0.558]"
"Chalcosyrphus curvaria",190,4,63,108,"Chalcosyrphus","Eristalinae","Saprophagous",1165,NA,"Other",NA,"WeakSupport","WeakSupport","-0.216 [-0.575, 0.17]","-0.067 [-0.471, 0.393]"
"Chalcosyrphus inarmatus",94,4,25,34,"Chalcosyrphus","Eristalinae","Saprophagous",493,NA,"Other",NA,"WeakSupport","WeakSupport","0.059 [-0.518, 0.684]","0.252 [-0.377, 0.96]"
"Chalcosyrphus metallicus",64,4,17,23,"Chalcosyrphus","Eristalinae","Saprophagous",211,NA,"Other",NA,"WeakSupport","WeakSupport","-0.354 [-0.861, 0.17]","-0.21 [-0.835, 0.42]"
"Chalcosyrphus plesia",111,4,17,32,"Chalcosyrphus","Eristalinae","Saprophagous",129,NA,"Other",NA,"WeakSupport","WeakSupport","0.701 [-0.412, 2.293]","0.566 [-0.282, 1.623]"
"Cheilosia hunteri (nigrofasciata)",138,4,22,26,"Cheilosia","Eristalinae","Phytophagous",1121,NA,"Other",NA,"WeakSupport","WeakSupport","-0.322 [-0.846, 0.298]","-0.32 [-0.808, 0.249]"
"Cheilosia lasiophthalmus (browni,nigroapicata)",62,4,27,29,"Cheilosia","Eristalinae","Phytophagous",1376,NA,"Other",NA,"WeakSupport","WeakSupport","-0.088 [-0.856, 0.985]","-0.471 [-0.878, 0.056]"
"Cheilosia latrans (tristis)",410,4,61,73,"Cheilosia","Eristalinae","Phytophagous",1262,NA,"Other",NA,"WeakSupport","WeakSupport","0.161 [-0.232, 0.626]","0.447 [-0.072, 1.123]"
"Cheilosia orilliaensis (consentiens)",124,4,33,47,"Cheilosia","Eristalinae","Phytophagous",538,8.8,"Other","no","Decline","Decline","-0.536 [-0.825, -0.196]","-0.492 [-0.81, -0.141]"
"Cheilosia pallipes",78,4,21,22,"Cheilosia","Eristalinae","Phytophagous",497,NA,"Other",NA,"WeakSupport","WeakSupport","-0.308 [-0.785, 0.183]","-0.082 [-0.699, 0.587]"
"Cheilosia prima",194,4,25,56,"Cheilosia","Eristalinae","Phytophagous",290,9.1,"Other","no","Decline","WeakSupport","-0.539 [-0.82, -0.213]","-0.383 [-0.753, 0.059]"
"Cheilosia rita (alpinensis)",236,4,62,82,"Cheilosia","Eristalinae","Phytophagous",1429,NA,"Other",NA,"WeakSupport","WeakSupport","0.02 [-0.259, 0.27]","0.226 [-0.106, 0.673]"
"Cheilosia yukonensis (varipila,variseta)",92,4,19,23,"Cheilosia","Eristalinae","Phytophagous",1001,NA,"Other",NA,"WeakSupport","WeakSupport","-0.035 [-0.71, 0.587]","0.092 [-0.64, 0.731]"
"Chrysogaster antitheus (ontario)",265,4,44,60,"Chrysogaster","Eristalinae","Saprophagous",371,6,"Other","no","Decline","WeakSupport","-0.448 [-0.735, -0.12]","-0.205 [-0.617, 0.276]"
"Chrysosyrphus latus (versipellis)",177,4,30,44,"Chrysosyrphus","Eristalinae","Saprophagous",924,NA,"Other",NA,"WeakSupport","WeakSupport","-0.312 [-0.699, 0.115]","0.026 [-0.571, 0.718]"
"Chrysotoxum chinook",232,4,44,81,"Chrysotoxum","Syrphinae","Predator",316,NA,"Other",NA,"Decline","Decline","-0.643 [-0.929, -0.282]","-0.637 [-0.93, -0.29]"
"Chrysotoxum coloradense (fasciatum)",202,4,61,93,"Chrysotoxum","Syrphinae","Predator",761,NA,"Other",NA,"Decline","Decline","-0.723 [-0.927, -0.476]","-0.672 [-0.917, -0.384]"
"Chrysotoxum derivatum (columbianum,integre,minor,ventricosum)",953,4,118,219,"Chrysotoxum","Syrphinae","Predator",1382,9.1,"Other","no","Decline","Decline","-0.466 [-0.688, -0.205]","-0.58 [-0.759, -0.39]"
"Chrysotoxum flavifrons",540,4,146,197,"Chrysotoxum","Syrphinae","Predator",1568,13.85,"Other","no","Decline","Decline","-0.459 [-0.64, -0.272]","-0.291 [-0.551, -0.018]"
"Chrysotoxum plumeum (perplexum)",424,4,121,175,"Chrysotoxum","Syrphinae","Predator",1470,NA,"Other","no","WeakSupport","WeakSupport","-0.255 [-0.488, 0.013]","-0.118 [-0.413, 0.172]"
"Chrysotoxum pubescens (luteopilosum)",226,4,50,82,"Chrysotoxum","Syrphinae","Predator",433,12.65,"Other","no","Decline","WeakSupport","-0.481 [-0.78, -0.153]","-0.341 [-0.714, 0.074]"
"Chrysotoxum ypsilon",58,4,14,19,"Chrysotoxum","Syrphinae","Predator",104,NA,"Other",NA,"WeakSupport","WeakSupport","0.009 [-0.424, 0.436]","0.199 [-0.344, 0.782]"
"Copestylum (Volucella) satur",112,4,31,49,"Copestylum","Eristalinae","Saprophagous",373,NA,"Other",NA,"WeakSupport","WeakSupport","-0.102 [-0.647, 0.4]","-0.016 [-0.583, 0.49]"
"Copestylum (Volucella) vittatum (americana)",146,4,53,74,"Copestylum","Eristalinae","Saprophagous",745,NA,"Other",NA,"WeakSupport","WeakSupport","0.815 [-0.214, 2.038]","0.293 [-0.33, 0.976]"
"Copestylum anna",164,4,11,19,"Copestylum","Eristalinae","Saprophagous",49,NA,"Other",NA,"WeakSupport","WeakSupport","-0.156 [-0.707, 0.321]","-0.02 [-0.628, 0.581]"
"Copestylum avidum",179,4,32,59,"Copestylum","Eristalinae","Saprophagous",159,NA,"Other",NA,"WeakSupport","WeakSupport","0.091 [-0.191, 0.406]","0.186 [-0.117, 0.539]"
"Copestylum haagii",149,4,15,32,"Copestylum","Eristalinae","Saprophagous",95,NA,"Other",NA,"WeakSupport","WeakSupport","-0.074 [-0.573, 0.318]","0.009 [-0.5, 0.418]"
"Copestylum marginatum",184,4,30,61,"Copestylum","Eristalinae","Saprophagous",262,NA,"Other",NA,"WeakSupport","WeakSupport","0.024 [-0.232, 0.289]","0.166 [-0.148, 0.536]"
"Copestylum mexicanum",226,4,42,86,"Copestylum","Eristalinae","Saprophagous",518,NA,"Other",NA,"WeakSupport","WeakSupport","-0.233 [-0.659, 0.212]","-0.109 [-0.59, 0.394]"
"Copestylum tamaulipanum",71,4,14,32,"Copestylum","Eristalinae","Saprophagous",57,NA,"Other",NA,"WeakSupport","WeakSupport","-0.133 [-0.553, 0.174]","-0.016 [-0.498, 0.373]"
"Copestylum vesicularium",95,4,35,47,"Copestylum","Eristalinae","Saprophagous",258,NA,"Other","no","WeakSupport","WeakSupport","0.521 [-0.206, 1.462]","1.121 [-0.003, 2.482]"
"Copestylum violaceum",302,4,21,42,"Copestylum","Eristalinae","Saprophagous",134,NA,"Other",NA,"WeakSupport","WeakSupport","-0.222 [-0.674, 0.155]","-0.106 [-0.632, 0.34]"
"Criorhina bubulcus (luna)",289,4,32,88,"Criorhina","Eristalinae","Saprophagous",133,NA,"Rothole Specialist",NA,"WeakSupport","WeakSupport","0.197 [-0.418, 0.851]","0.173 [-0.366, 0.704]"
"Criorhina caudata",293,4,38,80,"Criorhina","Eristalinae","Saprophagous",128,15,"Rothole Specialist","no","Decline","WeakSupport","-0.441 [-0.805, -0.045]","-0.244 [-0.72, 0.276]"
"Criorhina kincaidi",184,4,18,39,"Criorhina","Eristalinae","Saprophagous",46,NA,"Rothole Specialist",NA,"WeakSupport","WeakSupport","-0.291 [-0.849, 0.381]","-0.179 [-0.837, 0.517]"
"Criorhina nigripes",218,4,27,53,"Criorhina","Eristalinae","Saprophagous",128,NA,"Rothole Specialist",NA,"WeakSupport","WeakSupport","-0.235 [-0.735, 0.311]","-0.133 [-0.681, 0.457]"
"Criorhina nigriventris (maritima,mystaceae)",204,4,66,92,"Criorhina","Eristalinae","Saprophagous",957,NA,"Rothole Specialist",NA,"WeakSupport","WeakSupport","-0.058 [-0.387, 0.278]","0.162 [-0.258, 0.627]"
"Criorhina tricolor",217,4,29,66,"Criorhina","Eristalinae","Saprophagous",333,NA,"Rothole Specialist",NA,"WeakSupport","WeakSupport","-0.145 [-0.653, 0.443]","-0.019 [-0.567, 0.581]"
"Criorhina verbosa",181,4,42,81,"Criorhina","Eristalinae","Saprophagous",258,15.5,"Rothole Specialist","no","Decline","WeakSupport","-0.402 [-0.696, -0.073]","-0.312 [-0.646, 0.061]"
"Dasysyrphus (Syrphus) venustus (arcuatus)",416,4,130,180,"Dasysyrphus","Syrphinae","Predator",1716,NA,"Other",NA,"WeakSupport","WeakSupport","-0.172 [-0.429, 0.063]","-0.079 [-0.36, 0.191]"
"Dasysyrphus amalopis",63,4,17,18,"Dasysyrphus","Syrphinae","Predator",962,NA,"Other",NA,"WeakSupport","WeakSupport","0.354 [-0.604, 1.674]","0.342 [-0.458, 1.245]"
"Dasysyrphus creper",209,4,61,105,"Dasysyrphus","Syrphinae","Predator",303,8.6,"Other","no","Decline","Decline","-0.46 [-0.752, -0.143]","-0.4 [-0.709, -0.046]"
"Dasysyrphus intrudens",2158,4,275,572,"Dasysyrphus","Syrphinae","Predator",1849,9.35,"Other","no","Decline","Decline","-0.555 [-0.663, -0.447]","-0.466 [-0.598, -0.321]"
"Dasysyrphus laticaudus",174,4,40,57,"Dasysyrphus","Syrphinae","Predator",1070,NA,"Other",NA,"WeakSupport","WeakSupport","-0.364 [-0.727, 0.058]","-0.215 [-0.663, 0.27]"
"Dasysyrphus limatus",155,4,52,72,"Dasysyrphus","Syrphinae","Predator",1345,9.2,"Other","no","Decline","WeakSupport","-0.504 [-0.775, -0.197]","-0.228 [-0.658, 0.28]"
"Dasysyrphus occidualis",88,4,34,40,"Dasysyrphus","Syrphinae","Predator",435,NA,"Other",NA,"WeakSupport","WeakSupport","-0.082 [-0.612, 0.418]","0.152 [-0.526, 0.828]"
"Dasysyrphus pacificus",122,4,28,42,"Dasysyrphus","Syrphinae","Predator",299,NA,"Other",NA,"WeakSupport","WeakSupport","0.457 [-0.242, 1.422]","0.588 [-0.125, 1.525]"
"Dasysyrphus pauxillus",210,4,56,91,"Dasysyrphus","Syrphinae","Predator",1080,7.5,"Other","no","Decline","WeakSupport","-0.394 [-0.688, -0.048]","-0.115 [-0.576, 0.42]"
"Didea alneti",55,4,35,39,"Didea","Syrphinae","Predator",1172,NA,"Other",NA,"WeakSupport","WeakSupport","-0.358 [-0.759, 0.071]","-0.168 [-0.699, 0.39]"
"Didea fuscipes",218,4,86,131,"Didea","Syrphinae","Predator",1130,NA,"Other",NA,"WeakSupport","WeakSupport","-0.243 [-0.495, 0.026]","0.168 [-0.292, 0.678]"
"Dioprosopa (Pseudodoros) clavatus",2075,4,46,81,"Dioprosopa","Syrphinae","Predator",527,NA,"Other",NA,"WeakSupport","WeakSupport","0.149 [-0.185, 0.559]","0.49 [-0.031, 1.181]"
"Doros aequalis",159,4,48,65,"Doros","Syrphinae","Predator",1065,NA,"Other",NA,"WeakSupport","WeakSupport","-0.106 [-0.491, 0.286]","0.354 [-0.283, 1.123]"
"Epistrophe grossulariae",694,4,140,243,"Epistrophe","Syrphinae","Predator",1299,12.7,"Other","no","Increase","Increase","0.4 [0.017, 0.815]","0.466 [0.12, 0.861]"
"Epistrophe nitidicollis",189,4,61,91,"Epistrophe","Syrphinae","Predator",1257,NA,"Other",NA,"WeakSupport","WeakSupport","-0.074 [-0.46, 0.31]","0.033 [-0.403, 0.429]"
"Epistrophe terminalis",89,4,28,36,"Epistrophe","Syrphinae","Predator",1034,NA,"Other",NA,"WeakSupport","WeakSupport","-0.029 [-0.54, 0.456]","0.245 [-0.399, 0.977]"
"Epistrophe xanthostoma",143,4,58,83,"Epistrophe","Syrphinae","Predator",964,NA,"Other",NA,"WeakSupport","WeakSupport","-0.167 [-0.507, 0.113]","-0.074 [-0.43, 0.25]"
"Epistrophella (Epistrophe) emarginata",455,4,109,182,"Epistrophella","Syrphinae","Predator",1408,NA,"Other",NA,"WeakSupport","WeakSupport","0.362 [-0.06, 0.901]","0.291 [-0.021, 0.633]"
"Eristalinus aeneus",206,4,62,86,"Eristalinus","Eristalinae","Saprophagous",882,10.05,"Other","yes","Increase","Increase","0.924 [0.012, 2.022]","1.29 [0.185, 2.623]"
"Eristalis anthophorina (bastardii)",1655,4,238,468,"Eristalis","Eristalinae","Saprophagous",1701,NA,"Other",NA,"WeakSupport","WeakSupport","0.096 [-0.11, 0.327]","0.058 [-0.098, 0.219]"
"Eristalis arbustorum",2794,4,248,604,"Eristalis","Eristalinae","Saprophagous",1776,10.15,"Other","yes","Decline","Decline","-0.308 [-0.454, -0.157]","-0.205 [-0.384, -0.026]"
"Eristalis brousii",616,4,106,168,"Eristalis","Eristalinae","Saprophagous",1232,11,"Other","no","Decline","Decline","-0.441 [-0.75, -0.096]","-0.746 [-0.868, -0.609]"
"Eristalis cryptarum (compactus)",226,4,74,101,"Eristalis","Eristalinae","Saprophagous",1288,NA,"Other",NA,"WeakSupport","WeakSupport","-0.017 [-0.295, 0.232]","0.168 [-0.194, 0.549]"
"Eristalis dimidiata",1336,4,183,323,"Eristalis","Eristalinae","Saprophagous",1520,NA,"Other",NA,"WeakSupport","WeakSupport","0.073 [-0.206, 0.365]","0.167 [-0.134, 0.485]"
"Eristalis flavipes",1142,4,251,391,"Eristalis","Eristalinae","Saprophagous",1708,13.55,"Other","no","Increase","Increase","0.427 [0.139, 0.738]","0.713 [0.295, 1.173]"
"Eristalis fraterculus",238,4,33,39,"Eristalis","Eristalinae","Saprophagous",799,24.4,"Other","no","Decline","Decline","-0.545 [-0.928, -0.023]","-0.545 [-0.929, -0.041]"
"Eristalis hirta",794,4,129,233,"Eristalis","Eristalinae","Saprophagous",1560,11.2,"Other","no","Decline","Decline","-0.415 [-0.615, -0.203]","-0.303 [-0.555, -0.04]"
"Eristalis nemorum (interrupta)",579,4,126,193,"Eristalis","Eristalinae","Saprophagous",1288,NA,"Other",NA,"WeakSupport","WeakSupport","0.01 [-0.337, 0.383]","-0.077 [-0.332, 0.168]"
"Eristalis obscura",998,4,155,228,"Eristalis","Eristalinae","Saprophagous",1607,NA,"Other",NA,"WeakSupport","WeakSupport","-0.047 [-0.241, 0.137]","0.134 [-0.141, 0.456]"
"Eristalis rupium",155,4,38,50,"Eristalis","Eristalinae","Saprophagous",1014,NA,"Other",NA,"WeakSupport","WeakSupport","-0.221 [-0.626, 0.21]","0.379 [-0.402, 1.326]"
"Eristalis stipator",530,4,146,217,"Eristalis","Eristalinae","Saprophagous",1120,NA,"Other",NA,"WeakSupport","WeakSupport","0.142 [-0.197, 0.532]","0.236 [-0.121, 0.649]"
"Eristalis tenax",3434,4,289,640,"Eristalis","Eristalinae","Saprophagous",2109,13.75,"Other","yes","Increase","Increase","0.609 [0.308, 0.916]","0.927 [0.498, 1.39]"
"Eristalis transversa",1354,4,122,278,"Eristalis","Eristalinae","Saprophagous",562,11.15,"Other","no","Increase","Increase","0.306 [0.018, 0.631]","0.564 [0.171, 0.993]"
"Eumerus funeralis",248,4,40,63,"Eumerus","Eristalinae","Saprophagous",1096,NA,"Other","yes","WeakSupport","WeakSupport","-0.135 [-0.71, 0.567]","-0.342 [-0.718, 0.083]"
"Eumerus strigatus",561,4,53,73,"Eumerus","Eristalinae","Saprophagous",983,NA,"Other","yes","WeakSupport","WeakSupport","-0.262 [-0.742, 0.298]","-0.391 [-0.759, 0.006]"
"Eupeodes americanus",1002,4,159,289,"Eupeodes","Syrphinae","Predator",1648,9,"Other","no","Increase","Increase","0.812 [0.328, 1.345]","1.037 [0.433, 1.71]"
"Eupeodes curtus",467,4,66,75,"Eupeodes","Syrphinae","Predator",1450,NA,"Other",NA,"WeakSupport","WeakSupport","-0.104 [-0.447, 0.231]","0.314 [-0.285, 1.027]"
"Eupeodes flukei",57,4,30,35,"Eupeodes","Syrphinae","Predator",761,NA,"Other",NA,"WeakSupport","WeakSupport","-0.024 [-0.437, 0.342]","0.119 [-0.333, 0.597]"
"Eupeodes fumipennis",1146,4,57,128,"Eupeodes","Syrphinae","Predator",329,10,"Other","no","Increase","Increase","1.052 [0.095, 2.205]","0.453 [0.036, 0.96]"
"Eupeodes latifasciatus",302,4,87,105,"Eupeodes","Syrphinae","Predator",1742,NA,"Other",NA,"WeakSupport","WeakSupport","-0.038 [-0.286, 0.16]","0.048 [-0.211, 0.298]"
"Eupeodes luniger (vockerothi)",357,4,93,120,"Eupeodes","Syrphinae","Predator",1159,NA,"Other",NA,"WeakSupport","WeakSupport","-0.19 [-0.47, 0.087]","-0.076 [-0.409, 0.251]"
"Eupeodes perplexus",310,4,121,185,"Eupeodes","Syrphinae","Predator",1642,NA,"Other",NA,"WeakSupport","WeakSupport","0.009 [-0.24, 0.25]","0.059 [-0.162, 0.277]"
"Eupeodes pomus",110,4,63,78,"Eupeodes","Syrphinae","Predator",1212,NA,"Other",NA,"WeakSupport","WeakSupport","-0.107 [-0.465, 0.171]","-0.037 [-0.406, 0.262]"
"Eupeodes volucris",2079,4,164,317,"Eupeodes","Syrphinae","Predator",1513,NA,"Other",NA,"WeakSupport","WeakSupport","-0.167 [-0.38, 0.051]","0.132 [-0.199, 0.474]"
"Eurimyia (Lejops) lineatus",197,4,20,25,"Eurimyia","Eristalinae","Saprophagous",672,NA,"Other",NA,"WeakSupport","WeakSupport","0.47 [-0.304, 1.638]","0.818 [-0.136, 2.181]"
"Eurimyia stipata",239,4,73,120,"Eurimyia","Eristalinae","Saprophagous",845,NA,"Other",NA,"WeakSupport","WeakSupport","-0.235 [-0.515, 0.052]","0.041 [-0.359, 0.487]"
"Fazia (Allograpta) micrura",145,4,17,30,"Fazia","Syrphinae","Phytophagous",280,NA,"Other",NA,"WeakSupport","WeakSupport","0.302 [-0.273, 1.217]","0.407 [-0.145, 1.165]"
"Ferdinandea buccata (dives)",331,4,84,125,"Ferdinandea","Eristalinae","Saprophagous",1568,NA,"Other",NA,"WeakSupport","WeakSupport","0.032 [-0.302, 0.386]","0.58 [-0.047, 1.265]"
"Ferdinandea croesus",139,4,44,73,"Ferdinandea","Eristalinae","Saprophagous",1065,NA,"Other",NA,"WeakSupport","WeakSupport","-0.325 [-0.729, 0.155]","-0.144 [-0.663, 0.469]"
"Hadromyia (Caliprobola) crawfordi",240,4,49,111,"Hadromyia","Eristalinae","Unknown",189,NA,"Other",NA,"WeakSupport","WeakSupport","-0.206 [-0.576, 0.178]","-0.142 [-0.537, 0.232]"
"Hadromyia grandis",98,4,19,39,"Hadromyia","Eristalinae","Unknown",68,NA,"Other",NA,"WeakSupport","WeakSupport","-0.322 [-0.848, 0.178]","-0.258 [-0.823, 0.252]"
"Hadromyia pulchra",274,4,42,101,"Hadromyia","Eristalinae","Unknown",149,NA,"Other",NA,"WeakSupport","WeakSupport","-0.055 [-0.503, 0.422]","0.015 [-0.449, 0.494]"
"Hammerschmidtia (Brachyopa) rufa (ferruginea)",140,4,62,88,"Hammerschmidtia","Eristalinae","Saprophagous",1276,NA,"Other",NA,"WeakSupport","WeakSupport","0.014 [-0.411, 0.474]","0.372 [-0.241, 1.081]"
"Hammerschmidtia sedmani",57,4,26,31,"Hammerschmidtia","Eristalinae","Saprophagous",544,NA,"Other",NA,"WeakSupport","WeakSupport","-0.259 [-0.702, 0.133]","-0.1 [-0.642, 0.396]"
"Helophilus fasciatus",1777,4,200,414,"Helophilus","Eristalinae","Saprophagous",1586,13,"Other","no","Increase","Increase","0.731 [0.31, 1.167]","1.056 [0.524, 1.643]"
"Helophilus groenlandicus",440,4,76,96,"Helophilus","Eristalinae","Saprophagous",1636,12.3,"Other","no","Decline","Decline","-0.597 [-0.872, -0.271]","-0.649 [-0.878, -0.377]"
"Helophilus hybridus",423,4,109,178,"Helophilus","Eristalinae","Saprophagous",1065,NA,"Other",NA,"WeakSupport","WeakSupport","0.239 [-0.162, 0.692]","0.175 [-0.165, 0.536]"
"Helophilus lapponicus",987,4,132,168,"Helophilus","Eristalinae","Saprophagous",1849,NA,"Other",NA,"WeakSupport","WeakSupport","-0.166 [-0.453, 0.146]","-0.076 [-0.393, 0.269]"
"Helophilus latifrons",571,4,134,222,"Helophilus","Eristalinae","Saprophagous",1254,13.45,"Other","no","Decline","Decline","-0.623 [-0.781, -0.457]","-0.627 [-0.772, -0.471]"
"Helophilus obscurus",687,4,122,156,"Helophilus","Eristalinae","Saprophagous",1445,NA,"Other",NA,"WeakSupport","WeakSupport","0.287 [-0.246, 0.915]","-0.086 [-0.39, 0.272]"
"Heringia canadensis",68,4,28,36,"Heringia","Pipizinae","Predator",804,NA,"Other",NA,"WeakSupport","WeakSupport","-0.17 [-0.648, 0.257]","0.128 [-0.512, 0.841]"
"Heringia salax",139,4,41,59,"Heringia","Pipizinae","Predator",602,NA,"Other",NA,"WeakSupport","WeakSupport","-0.038 [-0.433, 0.344]","0.113 [-0.344, 0.568]"
"Hiatomyia cyanescens",95,4,25,44,"Hiatomyia","Eristalinae","Unknown",265,NA,"Other",NA,"WeakSupport","WeakSupport","-0.42 [-0.817, 0.068]","-0.393 [-0.779, 0.084]"
"Hypocritanus (Ocyptamus) fascipennis",441,4,102,197,"Hypocritanus","Syrphinae","Predator",1156,11.15,"Other","no","Increase","Increase","0.822 [0.241, 1.469]","1.446 [0.569, 2.425]"
"Hypocritanus (Ocyptamus) lemur",139,4,40,56,"Hypocritanus","Syrphinae","Predator",304,NA,"Other",NA,"WeakSupport","WeakSupport","0.269 [-0.155, 0.882]","0.414 [-0.043, 1.037]"
"Lapposyrphus (Eupeodes) aberrantis",70,4,25,39,"Lapposyrphus","Syrphinae","Predator",1935,NA,"Other",NA,"WeakSupport","WeakSupport","0.001 [-0.121, 0.131]","0.092 [-0.064, 0.27]"
"Lapposyrphus (Eupeodes,Metasyrphus) lapponicus",2392,4,273,466,"Lapposyrphus","Syrphinae","Predator",96,NA,"Other",NA,"WeakSupport","WeakSupport","-0.209 [-0.705, 0.199]","-0.07 [-0.674, 0.424]"
"Lejops cooleyi",83,4,12,15,"Lejops","Eristalinae","Saprophagous",89,NA,"Other",NA,"WeakSupport","WeakSupport","-0.035 [-0.863, 0.761]","-0.01 [-0.785, 0.648]"
"Lejops polygrammus",149,4,40,62,"Lejops","Eristalinae","Saprophagous",233,NA,"Other",NA,"WeakSupport","WeakSupport","-0.065 [-0.572, 0.405]","-0.013 [-0.497, 0.415]"
"Lejota aerea",66,4,17,20,"Lejota","Eristalinae","Saprophagous",195,NA,"Other",NA,"WeakSupport","WeakSupport","-0.385 [-0.849, 0.088]","-0.247 [-0.801, 0.324]"
"Lejota cyanea",67,4,22,32,"Lejota","Eristalinae","Saprophagous",836,7.6,"Other","no","Decline","Decline","-0.702 [-0.954, -0.391]","-0.532 [-0.918, -0.042]"
"Leucozona americana",146,4,54,71,"Leucozona","Syrphinae","Predator",1411,NA,"Other",NA,"WeakSupport","WeakSupport","-0.288 [-0.649, 0.104]","-0.058 [-0.533, 0.469]"
"Leucozona velutina",68,4,12,18,"Leucozona","Syrphinae","Predator",119,NA,"Other",NA,"WeakSupport","WeakSupport","-0.217 [-0.94, 0.517]","-0.135 [-0.918, 0.581]"
"Mallota (Imatisma) bautias",337,4,95,159,"Mallota","Eristalinae","Saprophagous",753,NA,"Rothole Specialist",NA,"WeakSupport","WeakSupport","0.083 [-0.12, 0.344]","0.16 [-0.045, 0.43]"
"Mallota (Imatisma) posticata (bardus,separata)",322,4,87,154,"Mallota","Eristalinae","Saprophagous",732,15.25,"Rothole Specialist","no","WeakSupport","Increase","0.151 [-0.071, 0.456]","0.456 [0.035, 0.964]"
"Megasyrphus (Eriozona) laxus",429,4,95,150,"Megasyrphus","Syrphinae","Predator",1726,NA,"Other",NA,"WeakSupport","WeakSupport","-0.115 [-0.395, 0.154]","-0.007 [-0.319, 0.317]"
"Melangyna arctica",415,4,62,77,"Melangyna","Syrphinae","Predator",1622,7.35,"Other","no","Decline","WeakSupport","-0.559 [-0.823, -0.254]","-0.412 [-0.775, 0.007]"
"Melangyna fisherii",57,4,36,39,"Melangyna","Syrphinae","Predator",1098,NA,"Other",NA,"WeakSupport","WeakSupport","0.086 [-0.307, 0.567]","0.25 [-0.195, 0.834]"
"Melangyna labiatarum",185,4,46,52,"Melangyna","Syrphinae","Predator",1380,NA,"Other",NA,"WeakSupport","WeakSupport","-0.137 [-0.637, 0.37]","-0.023 [-0.578, 0.544]"
"Melangyna lasiophthalma",473,4,107,152,"Melangyna","Syrphinae","Predator",1483,8.5,"Other","no","Decline","Decline","-0.499 [-0.707, -0.265]","-0.427 [-0.666, -0.164]"
"Melangyna subfasciata",103,4,9,14,"Melangyna","Syrphinae","Predator",179,NA,"Other",NA,"WeakSupport","WeakSupport","-0.274 [-0.942, 0.293]","-0.084 [-0.889, 0.692]"
"Melangyna umbellatarum",427,4,99,138,"Melangyna","Syrphinae","Predator",1502,9.6,"Other","no","Decline","Decline","-0.732 [-0.871, -0.578]","-0.662 [-0.839, -0.461]"
"Melanostoma mellinum (angustatum,fallax,melanderi,pallitarsis)",8949,4,451,958,"Melanostoma","Syrphinae","Predator",2191,7.4,"Other","no","WeakSupport","Increase","-0.002 [-0.085, 0.076]","0.162 [0.013, 0.319]"
"Meligramma (Melangyna) triangulifera",262,4,66,94,"Meligramma","Syrphinae","Predator",1198,8.5,"Other","no","Decline","WeakSupport","-0.449 [-0.714, -0.131]","-0.308 [-0.642, 0.09]"
"Meliscaeva cinctella",1585,4,175,295,"Meliscaeva","Syrphinae","Predator",1710,9.4,"Other","no","WeakSupport","Increase","0.168 [-0.045, 0.41]","1.107 [0.428, 1.802]"
"Merodon equestris",543,4,68,126,"Merodon","Eristalinae","Phytophagous",1143,14.75,"Other","yes","WeakSupport","Increase","0.786 [-0.013, 1.688]","1.58 [0.327, 2.95]"
"Meromacrus acutus",86,4,37,52,"Meromacrus","Eristalinae","Saprophagous",250,NA,"Rothole Specialist",NA,"WeakSupport","WeakSupport","0.467 [-0.242, 1.405]","0.412 [-0.143, 1.098]"
"Microdon abditus",80,4,27,40,"Microdon","Microdontinae","BroodParasite",248,NA,"Other",NA,"WeakSupport","WeakSupport","-0.18 [-0.644, 0.237]","-0.082 [-0.576, 0.367]"
"Microdon cothurnatus",149,4,46,60,"Microdon","Microdontinae","BroodParasite",782,NA,"Other",NA,"WeakSupport","WeakSupport","-0.221 [-0.604, 0.146]","-0.011 [-0.506, 0.491]"
"Microdon globosus (hutchingsi)",158,4,63,77,"Microdon","Microdontinae","BroodParasite",956,NA,"Other",NA,"WeakSupport","WeakSupport","-0.186 [-0.551, 0.211]","-0.095 [-0.493, 0.311]"
"Microdon manitobensis",115,4,47,62,"Microdon","Microdontinae","BroodParasite",659,NA,"Other",NA,"WeakSupport","WeakSupport","0.233 [-0.259, 0.914]","0.223 [-0.177, 0.692]"
"Microdon piperi",77,4,17,26,"Microdon","Microdontinae","BroodParasite",246,NA,"Other",NA,"WeakSupport","WeakSupport","-0.263 [-0.972, 0.729]","-0.356 [-0.957, 0.415]"
"Microdon ruficrus (basicornis)",69,4,28,39,"Microdon","Microdontinae","BroodParasite",515,NA,"Other",NA,"WeakSupport","WeakSupport","0.065 [-0.487, 0.723]","0.235 [-0.399, 0.927]"
"Microdon tristis",171,4,54,90,"Microdon","Microdontinae","BroodParasite",834,NA,"Other",NA,"WeakSupport","WeakSupport","0.277 [-0.245, 0.931]","0.325 [-0.166, 0.862]"
"Milesia virginiensis",152,4,55,89,"Milesia","Eristalinae","Saprophagous",349,20.05,"Rothole Specialist","no","WeakSupport","Increase","0.575 [-0.083, 1.344]","0.766 [0.059, 1.588]"
"Myolepta pretiosa",68,4,11,15,"Myolepta","Eristalinae","Saprophagous",192,NA,"Rothole Specialist",NA,"WeakSupport","WeakSupport","-0.411 [-0.978, 0.363]","-0.466 [-0.947, 0.193]"
"Myolepta strigilata",57,4,22,26,"Myolepta","Eristalinae","Saprophagous",243,NA,"Rothole Specialist",NA,"WeakSupport","WeakSupport","-0.194 [-0.728, 0.291]","-0.123 [-0.675, 0.359]"
"Myolepta varipes",51,4,23,28,"Myolepta","Eristalinae","Saprophagous",299,NA,"Rothole Specialist",NA,"WeakSupport","WeakSupport","0.058 [-0.537, 0.757]","0.188 [-0.458, 0.857]"
"Nausigaster unimaculata",57,4,13,24,"Nausigaster","Eristalinae","Saprophagous",72,NA,"Other",NA,"WeakSupport","WeakSupport","-0.195 [-0.755, 0.35]","-0.014 [-0.673, 0.713]"
"Neoascia geniculata (conica)",57,4,22,24,"Neoascia","Eristalinae","Saprophagous",506,NA,"Other",NA,"WeakSupport","WeakSupport","-0.205 [-0.877, 0.503]","-0.176 [-0.834, 0.478]"
"Neoascia globosa (distincta)",157,4,31,52,"Neoascia","Eristalinae","Saprophagous",614,4.95,"Other","no","Decline","Decline","-0.549 [-0.855, -0.22]","-0.441 [-0.794, -0.022]"
"Neoascia metallica",306,4,94,127,"Neoascia","Eristalinae","Saprophagous",1286,NA,"Other",NA,"WeakSupport","WeakSupport","-0.152 [-0.448, 0.103]","0.023 [-0.326, 0.39]"
"Neoascia sandsi",111,4,30,50,"Neoascia","Eristalinae","Saprophagous",305,NA,"Other",NA,"Decline","WeakSupport","-0.412 [-0.739, -0.024]","-0.279 [-0.697, 0.173]"
"Neoascia tenur",382,4,67,85,"Neoascia","Eristalinae","Saprophagous",1455,5,"Other","no","Decline","WeakSupport","-0.446 [-0.746, -0.154]","-0.241 [-0.653, 0.214]"
"Neocnemodon (Heringia) coxalis",124,4,45,53,"Neocnemodon","Pipizinae","Predator",870,NA,"Other",NA,"WeakSupport","WeakSupport","-0.108 [-0.511, 0.245]","0.029 [-0.417, 0.475]"
"Neocnemodon calcarata",57,4,21,29,"Neocnemodon","Pipizinae","Predator",526,NA,"Other",NA,"WeakSupport","WeakSupport","0.089 [-0.559, 0.898]","0.084 [-0.494, 0.653]"
"Neocnemodon elongata",51,4,22,27,"Neocnemodon","Pipizinae","Predator",584,6.8,"Other","no","Decline","WeakSupport","-0.548 [-0.917, -0.054]","-0.461 [-0.883, 0.09]"
"Neocnemodon rita",69,4,23,24,"Neocnemodon","Pipizinae","Predator",1262,NA,"Other",NA,"WeakSupport","WeakSupport","-0.158 [-0.685, 0.358]","0.151 [-0.584, 0.952]"
"Ocyptamus fuscipennis",292,4,75,143,"Ocyptamus","Syrphinae","Predator",456,9.05,"Other","no","WeakSupport","Increase","0.122 [-0.12, 0.407]","0.459 [0.026, 0.965]"
"Orthonevra nitida",173,4,68,89,"Orthonevra","Eristalinae","Saprophagous",498,NA,"Other",NA,"WeakSupport","WeakSupport","0.168 [-0.235, 0.655]","0.422 [-0.088, 1.005]"
"Orthonevra pulchella",392,4,66,102,"Orthonevra","Eristalinae","Saprophagous",867,5.95,"Other","no","WeakSupport","Increase","0.07 [-0.3, 0.475]","0.922 [0.088, 1.907]"
"Orthonevra weemsi",85,4,15,15,"Orthonevra","Eristalinae","Saprophagous",155,NA,"Other",NA,"WeakSupport","WeakSupport","0.06 [-0.548, 0.73]","0.286 [-0.407, 1.141]"
"Palpada vinetorum",120,4,55,75,"Palpada","Eristalinae","Saprophagous",513,NA,"Other",NA,"WeakSupport","WeakSupport","0.046 [-0.397, 0.542]","0.524 [-0.183, 1.372]"
"Paragus angustifrons",159,4,39,59,"Paragus","Syrphinae","Predator",796,5.45,"Other","no","Decline","Decline","-0.616 [-0.88, -0.308]","-0.596 [-0.855, -0.283]"
"Paragus haemorrhous",1872,4,139,244,"Paragus","Syrphinae","Predator",1464,5.1,"Other","no","WeakSupport","Increase","0.104 [-0.169, 0.409]","1.233 [0.416, 2.167]"
"Parasyrphus genualis",175,4,62,81,"Parasyrphus","Syrphinae","Predator",1294,NA,"Other",NA,"WeakSupport","WeakSupport","-0.123 [-0.44, 0.14]","0.08 [-0.311, 0.483]"
"Parasyrphus groenlandica (bulbosus,interruptus)",176,4,22,25,"Parasyrphus","Syrphinae","Predator",464,NA,"Other",NA,"WeakSupport","WeakSupport","-0.151 [-0.685, 0.293]","-0.057 [-0.647, 0.407]"
"Parasyrphus macularis",159,4,25,28,"Parasyrphus","Syrphinae","Predator",236,NA,"Other",NA,"WeakSupport","WeakSupport","0.108 [-0.568, 0.844]","0.171 [-0.43, 0.853]"
"Parasyrphus nigritarsis",57,4,30,31,"Parasyrphus","Syrphinae","Predator",1142,NA,"Other",NA,"WeakSupport","WeakSupport","-0.126 [-0.639, 0.309]","0.009 [-0.547, 0.519]"
"Parasyrphus relictus",533,4,69,99,"Parasyrphus","Syrphinae","Predator",1502,8.4,"Other","no","Decline","Decline","-0.648 [-0.84, -0.424]","-0.485 [-0.793, -0.143]"
"Parasyrphus semiinterruptus",58,4,29,34,"Parasyrphus","Syrphinae","Predator",545,NA,"Other",NA,"WeakSupport","WeakSupport","0.058 [-0.386, 0.54]","0.364 [-0.232, 1.144]"
"Parasyrphus tarsatus",2251,4,125,185,"Parasyrphus","Syrphinae","Predator",1761,8.95,"Other","no","Decline","Decline","-0.632 [-0.792, -0.461]","-0.381 [-0.685, -0.057]"
"Parasyrphus vockerothi",256,4,57,76,"Parasyrphus","Syrphinae","Predator",1176,7.25,"Other","no","Decline","Decline","-0.662 [-0.875, -0.433]","-0.629 [-0.856, -0.377]"
"Parhelophilus (Helophilus) obsoletus",217,4,44,58,"Parhelophilus","Eristalinae","Saprophagous",730,NA,"Other",NA,"WeakSupport","WeakSupport","-0.101 [-0.479, 0.241]","0.284 [-0.318, 0.969]"
"Parhelophilus integer",62,4,20,24,"Parhelophilus","Eristalinae","Saprophagous",209,NA,"Other",NA,"WeakSupport","WeakSupport","-0.141 [-0.744, 0.356]","-0.007 [-0.645, 0.592]"
"Parhelophilus laetus",298,4,69,127,"Parhelophilus","Eristalinae","Saprophagous",892,NA,"Other",NA,"WeakSupport","WeakSupport","0.06 [-0.317, 0.513]","0.087 [-0.251, 0.456]"
"Parhelophilus porcus",99,4,41,50,"Parhelophilus","Eristalinae","Saprophagous",754,NA,"Other",NA,"WeakSupport","WeakSupport","0.022 [-0.414, 0.476]","0.307 [-0.279, 0.999]"
"Parhelophilus rex",202,4,60,84,"Parhelophilus","Eristalinae","Saprophagous",830,9.7,"Other","no","WeakSupport","Increase","0.556 [-0.082, 1.444]","0.927 [0.094, 1.928]"
"Pelecinobaccha (Ocyptamus) costata",120,4,38,54,"Pelecinobaccha","Syrphinae","Predator",169,NA,"Other",NA,"WeakSupport","WeakSupport","0.286 [-0.185, 0.972]","0.378 [-0.092, 0.97]"
"Pelecocera willistoni",54,4,12,16,"Pelecocera","Eristalinae","Unknown",52,NA,"Other",NA,"WeakSupport","WeakSupport","0.01 [-0.403, 0.388]","0.231 [-0.286, 0.875]"
"Pipiza crassipes (oregona)",104,4,33,43,"Pipiza","Pipizinae","Predator",544,NA,"Other",NA,"WeakSupport","WeakSupport","-0.395 [-0.896, 0.116]","-0.355 [-0.874, 0.178]"
"Pipiza femoralis",202,4,41,71,"Pipiza","Pipizinae","Predator",582,8,"Other","no","Decline","Decline","-0.448 [-0.78, -0.054]","-0.415 [-0.77, -0.026]"
"Pipiza macrofemoralis",58,4,29,35,"Pipiza","Pipizinae","Predator",848,NA,"Other",NA,"WeakSupport","WeakSupport","-0.271 [-0.785, 0.327]","-0.147 [-0.729, 0.525]"
"Pipiza nigripilosa",106,4,25,34,"Pipiza","Pipizinae","Predator",161,NA,"Other",NA,"WeakSupport","WeakSupport","-0.328 [-0.769, 0.141]","-0.287 [-0.741, 0.179]"
"Pipiza puella (nigrotibiata)",67,4,32,41,"Pipiza","Pipizinae","Predator",186,9.25,"Other","no","Decline","Decline","-0.669 [-0.922, -0.359]","-0.661 [-0.917, -0.362]"
"Pipiza quadrimaculata",86,4,32,34,"Pipiza","Pipizinae","Predator",861,NA,"Other",NA,"WeakSupport","WeakSupport","0.063 [-0.445, 0.642]","0.239 [-0.335, 0.905]"
"Platycheirus aeratus (pauper)",110,4,38,40,"Platycheirus","Syrphinae","Predator",1216,NA,"Other",NA,"WeakSupport","WeakSupport","-0.172 [-0.706, 0.261]","0.021 [-0.6, 0.629]"
"Platycheirus albimanus",233,4,69,89,"Platycheirus","Syrphinae","Predator",1700,7.9,"Other","no","Decline","WeakSupport","-0.446 [-0.711, -0.136]","-0.292 [-0.636, 0.101]"
"Platycheirus amplus",90,4,29,35,"Platycheirus","Syrphinae","Predator",1288,NA,"Other",NA,"WeakSupport","WeakSupport","-0.166 [-0.654, 0.36]","0.113 [-0.57, 0.855]"
"Platycheirus angustatus",254,4,74,106,"Platycheirus","Syrphinae","Predator",1333,6.8,"Other","no","Decline","Decline","-0.667 [-0.85, -0.468]","-0.614 [-0.824, -0.383]"
"Platycheirus chilosia",474,4,61,75,"Platycheirus","Syrphinae","Predator",1071,6.2,"Other","no","Decline","WeakSupport","-0.709 [-0.915, -0.471]","-0.455 [-0.857, 0.017]"
"Platycheirus clypeatus",363,4,64,84,"Platycheirus","Syrphinae","Predator",1411,7.4,"Other","no","Decline","WeakSupport","-0.515 [-0.763, -0.246]","-0.187 [-0.634, 0.336]"
"Platycheirus coerulescens",186,4,55,76,"Platycheirus","Syrphinae","Predator",1319,7.4,"Other","no","Decline","Decline","-0.506 [-0.823, -0.139]","-0.486 [-0.807, -0.117]"
"Platycheirus confusus",558,4,81,116,"Platycheirus","Syrphinae","Predator",1609,7.1,"Other","no","Decline","WeakSupport","-0.348 [-0.622, -0.035]","-0.203 [-0.533, 0.168]"
"Platycheirus flabella",83,4,21,26,"Platycheirus","Syrphinae","Predator",1189,NA,"Other",NA,"WeakSupport","WeakSupport","0.022 [-0.714, 0.886]","0.157 [-0.638, 1.051]"
"Platycheirus hyperboreus (erraticus)",768,4,183,293,"Platycheirus","Syrphinae","Predator",1785,7,"Other","no","Decline","WeakSupport","-0.287 [-0.475, -0.097]","-0.194 [-0.407, 0.038]"
"Platycheirus immarginatus (felix)",505,4,144,202,"Platycheirus","Syrphinae","Predator",1599,8.05,"Other","no","Decline","Decline","-0.505 [-0.689, -0.329]","-0.444 [-0.641, -0.234]"
"Platycheirus inversus",93,4,37,45,"Platycheirus","Syrphinae","Predator",245,NA,"Other",NA,"WeakSupport","WeakSupport","0.017 [-0.279, 0.327]","0.235 [-0.193, 0.742]"
"Platycheirus kelloggi",85,4,10,15,"Platycheirus","Syrphinae","Predator",507,NA,"Other",NA,"WeakSupport","WeakSupport","-0.219 [-0.925, 0.6]","-0.003 [-0.862, 1.014]"
"Platycheirus luteipennis",81,4,33,36,"Platycheirus","Syrphinae","Predator",1022,9.4,"Other","no","Decline","Decline","-0.755 [-0.983, -0.436]","-0.735 [-0.977, -0.398]"
"Platycheirus modestus",279,4,65,84,"Platycheirus","Syrphinae","Predator",1171,6.75,"Other","no","Decline","Decline","-0.658 [-0.841, -0.451]","-0.561 [-0.805, -0.295]"
"Platycheirus naso (holarcticus)",535,4,115,156,"Platycheirus","Syrphinae","Predator",1756,8.6,"Other","no","Decline","WeakSupport","-0.327 [-0.549, -0.081]","-0.093 [-0.441, 0.289]"
"Platycheirus nearcticus",320,4,73,113,"Platycheirus","Syrphinae","Predator",1377,NA,"Other",NA,"WeakSupport","WeakSupport","-0.055 [-0.336, 0.202]","0.344 [-0.145, 0.873]"
"Platycheirus nielseni",93,4,16,21,"Platycheirus","Syrphinae","Predator",1091,NA,"Other",NA,"WeakSupport","WeakSupport","-0.132 [-0.688, 0.33]","0.093 [-0.599, 0.791]"
"Platycheirus nigrofemoratus",50,4,18,20,"Platycheirus","Syrphinae","Predator",671,NA,"Other",NA,"WeakSupport","WeakSupport","0.218 [-0.448, 1.1]","0.441 [-0.321, 1.475]"
"Platycheirus nodosus",139,4,46,50,"Platycheirus","Syrphinae","Predator",943,7,"Other","no","Decline","WeakSupport","-0.633 [-0.879, -0.332]","-0.428 [-0.837, 0.023]"
"Platycheirus obscurus",1147,4,121,279,"Platycheirus","Syrphinae","Predator",1588,8.1,"Other","no","WeakSupport","Increase","0.186 [-0.177, 0.568]","0.613 [0.064, 1.191]"
"Platycheirus orarius",66,4,22,29,"Platycheirus","Syrphinae","Predator",243,NA,"Other",NA,"WeakSupport","WeakSupport","-0.433 [-0.843, 0.045]","-0.343 [-0.784, 0.195]"
"Platycheirus peltatoides",200,4,48,78,"Platycheirus","Syrphinae","Predator",551,NA,"Other",NA,"WeakSupport","WeakSupport","0.012 [-0.447, 0.522]","0.034 [-0.413, 0.402]"
"Platycheirus pictipes (concinnus,rufimaculatus)",170,4,56,71,"Platycheirus","Syrphinae","Predator",1427,9.1,"Other","no","Decline","WeakSupport","-0.57 [-0.814, -0.295]","-0.379 [-0.74, 0.034]"
"Platycheirus podagratus",238,4,42,50,"Platycheirus","Syrphinae","Predator",1518,NA,"Other",NA,"WeakSupport","WeakSupport","-0.268 [-0.695, 0.191]","0.024 [-0.572, 0.747]"
"Platycheirus quadratus",644,4,90,177,"Platycheirus","Syrphinae","Predator",1181,NA,"Other",NA,"WeakSupport","WeakSupport","-0.237 [-0.523, 0.075]","-0.188 [-0.466, 0.112]"
"Platycheirus scambus",673,4,148,226,"Platycheirus","Syrphinae","Predator",1734,NA,"Other",NA,"WeakSupport","WeakSupport","-0.101 [-0.309, 0.083]","0.026 [-0.225, 0.286]"
"Platycheirus scutatus",81,4,38,52,"Platycheirus","Syrphinae","Predator",1311,7.75,"Other","no","Decline","WeakSupport","-0.526 [-0.829, -0.178]","-0.29 [-0.739, 0.24]"
"Platycheirus stegnus",374,4,74,149,"Platycheirus","Syrphinae","Predator",891,7.95,"Other","no","Decline","WeakSupport","-0.401 [-0.651, -0.12]","-0.05 [-0.487, 0.451]"
"Platycheirus striatus",77,4,27,31,"Platycheirus","Syrphinae","Predator",1087,NA,"Other","no","WeakSupport","WeakSupport","-0.528 [-0.933, 0.017]","-0.414 [-0.911, 0.202]"
"Platycheirus thylax",71,4,30,37,"Platycheirus","Syrphinae","Predator",1114,NA,"Other",NA,"WeakSupport","WeakSupport","-0.042 [-0.542, 0.414]","0.179 [-0.392, 0.808]"
"Platycheirus trichopus",363,4,54,111,"Platycheirus","Syrphinae","Predator",1192,NA,"Other",NA,"WeakSupport","WeakSupport","-0.289 [-0.664, 0.134]","0.063 [-0.513, 0.754]"
"Platycheirus varipes",103,4,40,44,"Platycheirus","Syrphinae","Predator",1268,NA,"Other",NA,"WeakSupport","WeakSupport","-0.027 [-0.626, 0.696]","-0.041 [-0.577, 0.527]"
"Polydontomyia (Lejops) curvipes",275,4,68,110,"Polydontomyia","Eristalinae","Saprophagous",1372,14.75,"Other","no","Increase","WeakSupport","0.945 [0.006, 2.07]","0.57 [-0.134, 1.355]"
"Psilota flavidipennis",79,4,10,13,"Psilota","Eristalinae","Saprophagous",139,NA,"Other",NA,"WeakSupport","WeakSupport","-0.453 [-0.948, 0.166]","-0.422 [-0.944, 0.194]"
"Pterallastes thoracicus",52,4,24,38,"Pterallastes","Eristalinae","Unknown",315,NA,"Other",NA,"WeakSupport","WeakSupport","-0.145 [-0.737, 0.589]","0.018 [-0.671, 0.832]"
"Pyritis kincaidii (montigena)",117,4,11,27,"Pyritis","Eristalinae","Saprophagous",68,NA,"Other",NA,"WeakSupport","WeakSupport","-0.024 [-0.735, 0.68]","0.092 [-0.625, 0.791]"
"Pyrophaena (Platycheirus) granditarsis",543,4,151,218,"Pyrophaena","Syrphinae","Predator",1516,9.1,"Other","no","Decline","Decline","-0.431 [-0.622, -0.223]","-0.371 [-0.588, -0.138]"
"Pyrophaena (Platycheirus) rosarum",644,4,94,146,"Pyrophaena","Syrphinae","Predator",1110,8.2,"Other","no","WeakSupport","Increase","0.118 [-0.125, 0.406]","0.679 [0.131, 1.328]"
"Rhingia nasica",805,4,118,247,"Rhingia","Eristalinae","Saprophagous",815,NA,"Other",NA,"WeakSupport","WeakSupport","0.094 [-0.129, 0.353]","0.154 [-0.05, 0.403]"
"Scaeva affinis (pyrastri)",951,4,147,319,"Scaeva","Syrphinae","Predator",1555,13.4,"Other","no","WeakSupport","Decline","-0.108 [-0.394, 0.191]","-0.261 [-0.486, -0.019]"
"Sericomyia bifasciata",159,4,33,46,"Sericomyia","Eristalinae","Saprophagous",290,NA,"Other",NA,"WeakSupport","WeakSupport","-0.239 [-0.612, 0.186]","0.127 [-0.482, 0.834]"
"Sericomyia chalcopyga",1004,4,76,182,"Sericomyia","Eristalinae","Saprophagous",432,NA,"Other",NA,"WeakSupport","WeakSupport","0.241 [-0.141, 0.678]","0.242 [-0.111, 0.604]"
"Sericomyia chrysotoxoides",896,4,118,267,"Sericomyia","Eristalinae","Saprophagous",726,12.45,"Other","no","WeakSupport","Increase","0.211 [-0.025, 0.517]","0.447 [0.105, 0.825]"
"Sericomyia flagrans",331,4,76,125,"Sericomyia","Eristalinae","Saprophagous",517,NA,"Other",NA,"WeakSupport","WeakSupport","0.029 [-0.326, 0.386]","0.189 [-0.197, 0.613]"
"Sericomyia lata",342,4,81,139,"Sericomyia","Eristalinae","Saprophagous",448,13.4,"Other","no","WeakSupport","Increase","0.357 [-0.029, 0.8]","1.759 [0.602, 3.064]"
"Sericomyia militaris",1049,4,205,397,"Sericomyia","Eristalinae","Saprophagous",1434,14.4,"Other","no","Increase","Increase","0.611 [0.274, 0.983]","0.838 [0.405, 1.296]"
"Sericomyia nigra",83,4,20,24,"Sericomyia","Eristalinae","Saprophagous",816,NA,"Other",NA,"WeakSupport","WeakSupport","-0.028 [-0.513, 0.414]","0.169 [-0.408, 0.771]"
"Sericomyia sexfasciata",89,4,30,34,"Sericomyia","Eristalinae","Saprophagous",606,NA,"Other",NA,"WeakSupport","WeakSupport","0 [-0.431, 0.432]","0.124 [-0.356, 0.622]"
"Sericomyia transversa",173,4,42,51,"Sericomyia","Eristalinae","Saprophagous",351,12.4,"Other","no","WeakSupport","Increase","0.109 [-0.235, 0.499]","0.982 [0.006, 2.269]"
"Somula decora",229,4,65,105,"Somula","Eristalinae","Saprophagous",415,NA,"Other",NA,"WeakSupport","WeakSupport","0.115 [-0.091, 0.407]","0.269 [-0.009, 0.651]"
"Sphaerophoria abbreviata",382,4,105,160,"Sphaerophoria","Syrphinae","Predator",1375,8.25,"Other","no","Decline","WeakSupport","-0.409 [-0.614, -0.197]","-0.181 [-0.511, 0.172]"
"Sphaerophoria asymmetrica",316,4,87,128,"Sphaerophoria","Syrphinae","Predator",1481,7.9,"Other","no","Decline","Decline","-0.476 [-0.702, -0.225]","-0.361 [-0.641, -0.053]"
"Sphaerophoria contigua (cylindricus)",1054,4,161,291,"Sphaerophoria","Syrphinae","Predator",1670,7.65,"Other","no","Decline","WeakSupport","-0.289 [-0.526, -0.045]","-0.241 [-0.483, 0.022]"
"Sphaerophoria novaeangliae",182,4,54,77,"Sphaerophoria","Syrphinae","Predator",1030,NA,"Other",NA,"WeakSupport","WeakSupport","-0.221 [-0.556, 0.094]","0.031 [-0.453, 0.535]"
"Sphaerophoria philanthus (dubia,nigritarsi,robusta)",2565,4,289,541,"Sphaerophoria","Syrphinae","Predator",1888,8.6,"Other","no","Decline","Decline","-0.292 [-0.436, -0.141]","-0.23 [-0.392, -0.057]"
"Sphaerophoria pyrrhina (guttulata)",113,4,49,55,"Sphaerophoria","Syrphinae","Predator",1179,6.25,"Other","no","Decline","Decline","-0.721 [-0.946, -0.432]","-0.733 [-0.943, -0.472]"
"Sphaerophoria sulphuripes",396,4,54,112,"Sphaerophoria","Syrphinae","Predator",349,NA,"Other",NA,"WeakSupport","WeakSupport","-0.191 [-0.565, 0.12]","0.004 [-0.485, 0.44]"
"Sphecomyia (Chrysotoxum) vittata",299,4,81,131,"Sphecomyia","Eristalinae","Saprophagous",671,NA,"Other",NA,"WeakSupport","WeakSupport","-0.033 [-0.293, 0.209]","0.281 [-0.131, 0.778]"
"Sphecomyia brevicornis",121,4,29,48,"Sphecomyia","Eristalinae","Saprophagous",129,13.5,"Other","no","Decline","WeakSupport","-0.512 [-0.862, -0.075]","-0.202 [-0.787, 0.488]"
"Sphecomyia dyari",71,4,16,38,"Sphecomyia","Eristalinae","Saprophagous",34,12.8,"Other","no","Decline","WeakSupport","-0.48 [-0.889, -0.023]","-0.232 [-0.828, 0.459]"
"Sphecomyia pattonii",139,4,30,50,"Sphecomyia","Eristalinae","Saprophagous",94,NA,"Other",NA,"WeakSupport","WeakSupport","-0.355 [-0.783, 0.083]","-0.138 [-0.724, 0.437]"
"Sphegina brachygaster",95,4,30,40,"Sphegina","Eristalinae","Saprophagous",628,NA,"Other",NA,"WeakSupport","WeakSupport","0.092 [-0.513, 0.801]","0.422 [-0.371, 1.348]"
"Sphegina campanulata",79,4,29,35,"Sphegina","Eristalinae","Saprophagous",246,NA,"Other",NA,"WeakSupport","WeakSupport","-0.357 [-0.718, 0.056]","-0.193 [-0.671, 0.305]"
"Sphegina flavimana",90,4,32,46,"Sphegina","Eristalinae","Saprophagous",385,5.65,"Other","no","Decline","Decline","-0.555 [-0.834, -0.222]","-0.452 [-0.798, -0.063]"
"Sphegina flavomaculata (notata)",61,4,17,22,"Sphegina","Eristalinae","Saprophagous",466,NA,"Other",NA,"WeakSupport","WeakSupport","-0.295 [-0.793, 0.167]","-0.104 [-0.722, 0.516]"
"Sphegina keeniana",106,4,36,45,"Sphegina","Eristalinae","Saprophagous",170,NA,"Other",NA,"WeakSupport","WeakSupport","-0.329 [-0.683, 0.056]","-0.225 [-0.636, 0.204]"
"Sphegina lobata",76,4,25,40,"Sphegina","Eristalinae","Saprophagous",254,NA,"Other",NA,"WeakSupport","WeakSupport","-0.126 [-0.538, 0.238]","0.037 [-0.436, 0.537]"
"Sphegina petiolata",55,4,30,40,"Sphegina","Eristalinae","Saprophagous",493,NA,"Other",NA,"WeakSupport","WeakSupport","-0.253 [-0.712, 0.216]","-0.169 [-0.658, 0.322]"
"Sphegina rufiventris",412,4,64,87,"Sphegina","Eristalinae","Saprophagous",340,NA,"Other",NA,"WeakSupport","WeakSupport","-0.096 [-0.399, 0.161]","0.007 [-0.32, 0.324]"
"Sphiximorpha (Ceriana) willistoni",113,4,25,36,"Sphiximorpha","Eristalinae","Saprophagous",257,NA,"Other",NA,"WeakSupport","WeakSupport","0.024 [-0.487, 0.589]","0.499 [-0.312, 1.47]"
"Spilomyia alcimus",70,4,37,45,"Spilomyia","Eristalinae","Saprophagous",438,NA,"Rothole Specialist",NA,"WeakSupport","WeakSupport","0.369 [-0.186, 1.147]","0.369 [-0.086, 0.971]"
"Spilomyia foxleei",80,4,18,33,"Spilomyia","Eristalinae","Saprophagous",112,NA,"Rothole Specialist",NA,"WeakSupport","WeakSupport","-0.43 [-0.87, 0.065]","-0.29 [-0.859, 0.283]"
"Spilomyia fusca",313,4,75,133,"Spilomyia","Eristalinae","Saprophagous",309,16.35,"Rothole Specialist","no","Increase","Increase","1.124 [0.205, 2.188]","1.154 [0.376, 2.102]"
"Spilomyia liturata",60,4,22,33,"Spilomyia","Eristalinae","Saprophagous",140,NA,"Rothole Specialist",NA,"WeakSupport","WeakSupport","0.027 [-0.689, 0.785]","0.538 [-0.495, 1.784]"
"Spilomyia longicornis",246,4,51,94,"Spilomyia","Eristalinae","Saprophagous",331,NA,"Rothole Specialist",NA,"WeakSupport","WeakSupport","0.192 [-0.171, 0.685]","0.36 [-0.065, 0.878]"
"Spilomyia sayi",429,4,80,165,"Spilomyia","Eristalinae","Saprophagous",648,13.5,"Rothole Specialist","no","Increase","Increase","0.767 [0.127, 1.561]","0.825 [0.25, 1.495]"
"Syritta pipiens",2297,4,232,515,"Syritta","Eristalinae","Saprophagous",1502,8,"Other","yes","WeakSupport","Increase","0.219 [-0.006, 0.479]","0.241 [0.032, 0.471]"
"Syrphus attenuatus",179,4,53,64,"Syrphus","Syrphinae","Predator",1227,NA,"Other",NA,"WeakSupport","WeakSupport","-0.201 [-0.592, 0.204]","0.046 [-0.508, 0.631]"
"Syrphus knabi",134,4,41,59,"Syrphus","Syrphinae","Predator",380,NA,"Other",NA,"WeakSupport","WeakSupport","-0.088 [-0.473, 0.266]","-0.007 [-0.394, 0.356]"
"Syrphus opinator",1425,4,112,274,"Syrphus","Syrphinae","Predator",902,NA,"Other",NA,"WeakSupport","WeakSupport","0.203 [-0.127, 0.573]","0.185 [-0.089, 0.481]"
"Syrphus rectus (transversalis)",643,4,102,182,"Syrphus","Syrphinae","Predator",794,NA,"Other",NA,"WeakSupport","WeakSupport","-0.067 [-0.295, 0.128]","0.1 [-0.2, 0.414]"
"Syrphus ribesii (bigelowi)",3337,4,350,646,"Syrphus","Syrphinae","Predator",1882,NA,"Other",NA,"WeakSupport","WeakSupport","-0.071 [-0.209, 0.048]","-0.003 [-0.155, 0.146]"
"Syrphus torvus",2278,4,223,395,"Syrphus","Syrphinae","Predator",1778,10.95,"Other","no","Decline","Decline","-0.343 [-0.496, -0.185]","-0.288 [-0.456, -0.108]"
"Syrphus vitripennis",1000,4,180,267,"Syrphus","Syrphinae","Predator",1834,NA,"Other",NA,"WeakSupport","WeakSupport","0.01 [-0.217, 0.26]","0.054 [-0.171, 0.287]"
"Temnostoma alternans",862,4,121,232,"Temnostoma","Eristalinae","Saprophagous",1052,NA,"Other",NA,"WeakSupport","WeakSupport","0.013 [-0.247, 0.272]","0.202 [-0.099, 0.554]"
"Temnostoma balyras",640,4,96,180,"Temnostoma","Eristalinae","Saprophagous",457,10,"Other","no","Decline","WeakSupport","-0.315 [-0.529, -0.086]","-0.153 [-0.438, 0.148]"
"Temnostoma barberi",492,4,89,159,"Temnostoma","Eristalinae","Saprophagous",690,NA,"Other",NA,"WeakSupport","WeakSupport","-0.128 [-0.393, 0.101]","0.003 [-0.314, 0.287]"
"Temnostoma daochus",135,4,26,47,"Temnostoma","Eristalinae","Saprophagous",251,NA,"Other",NA,"WeakSupport","WeakSupport","-0.362 [-0.768, 0.124]","-0.233 [-0.726, 0.335]"
"Temnostoma excentrica (vespiforme)",715,4,171,293,"Temnostoma","Eristalinae","Saprophagous",1512,NA,"Other",NA,"WeakSupport","WeakSupport","0.059 [-0.114, 0.257]","0.183 [-0.029, 0.43]"
"Temnostoma obscurum",52,4,36,40,"Temnostoma","Eristalinae","Saprophagous",1009,NA,"Other",NA,"WeakSupport","WeakSupport","-0.342 [-0.765, 0.114]","0.04 [-0.623, 0.842]"
"Temnostoma trifasciatum",126,4,23,44,"Temnostoma","Eristalinae","Saprophagous",206,NA,"Other",NA,"WeakSupport","WeakSupport","-0.117 [-0.668, 0.453]","0.054 [-0.583, 0.7]"
"Teuchocnemis lituratus",88,4,32,45,"Teuchocnemis","Eristalinae","Unknown",212,NA,"Other",NA,"WeakSupport","WeakSupport","-0.001 [-0.401, 0.398]","0.141 [-0.307, 0.597]"
"Toxomerus geminatus",3577,4,167,364,"Toxomerus","Syrphinae","Predator",1154,6.85,"Other","no","Increase","Increase","0.918 [0.45, 1.451]","1.827 [0.951, 2.75]"
"Toxomerus marginatus",7722,4,322,656,"Toxomerus","Syrphinae","Predator",1502,5.3,"Other","no","Increase","Increase","0.48 [0.243, 0.732]","0.799 [0.434, 1.2]"
"Toxomerus occidentalis",675,4,46,124,"Toxomerus","Syrphinae","Predator",173,NA,"Other",NA,"WeakSupport","WeakSupport","0.008 [-0.249, 0.241]","0.054 [-0.179, 0.265]"
"Toxomerus politus",236,4,58,79,"Toxomerus","Syrphinae","Predator",608,NA,"Other",NA,"WeakSupport","WeakSupport","0.618 [-0.199, 1.604]","0.081 [-0.306, 0.454]"
"Trichopsomyia apisaon",360,4,84,119,"Trichopsomyia","Pipizinae","Predator",1563,NA,"Other",NA,"WeakSupport","WeakSupport","-0.142 [-0.476, 0.181]","-0.025 [-0.412, 0.336]"
"Tropidia albistylum",58,4,27,38,"Tropidia","Eristalinae","Saprophagous",235,NA,"Other",NA,"WeakSupport","WeakSupport","-0.016 [-0.497, 0.44]","0.084 [-0.408, 0.554]"
"Tropidia quadrata",577,4,114,189,"Tropidia","Eristalinae","Saprophagous",993,NA,"Other",NA,"WeakSupport","WeakSupport","-0.062 [-0.341, 0.202]","-0.034 [-0.294, 0.198]"
"Volucella arctica",252,4,54,73,"Volucella","Eristalinae","BroodParasite",1073,NA,"Other",NA,"WeakSupport","WeakSupport","-0.342 [-0.683, 0.049]","-0.006 [-0.56, 0.638]"
"Volucella evecta",228,4,54,104,"Volucella","Eristalinae","BroodParasite",410,15.25,"Other","no","WeakSupport","Decline","-0.307 [-0.708, 0.149]","-0.526 [-0.748, -0.298]"
"Volucella facialis (lateralis,rufomaculata)",573,4,184,272,"Volucella","Eristalinae","BroodParasite",1676,12,"Other","no","Decline","Decline","-0.343 [-0.534, -0.153]","-0.293 [-0.487, -0.083]"
"Xanthogramma (Philhelius) flavipes",305,4,58,108,"Xanthogramma","Syrphinae","Predator",278,NA,"Other",NA,"WeakSupport","WeakSupport","-0.015 [-0.267, 0.234]","0.088 [-0.179, 0.384]"
"Xylota angustiventris",85,4,29,47,"Xylota","Eristalinae","Saprophagous",186,NA,"Other",NA,"WeakSupport","WeakSupport","-0.268 [-0.667, 0.126]","-0.167 [-0.626, 0.254]"
"Xylota annulifera",307,4,52,63,"Xylota","Eristalinae","Saprophagous",383,NA,"Other",NA,"WeakSupport","WeakSupport","0.167 [-0.184, 0.661]","0.291 [-0.103, 0.779]"
"Xylota barbata",200,4,37,63,"Xylota","Eristalinae","Saprophagous",361,NA,"Other",NA,"WeakSupport","WeakSupport","-0.215 [-0.711, 0.279]","-0.088 [-0.651, 0.458]"
"Xylota confusa",140,4,46,54,"Xylota","Eristalinae","Saprophagous",518,NA,"Other",NA,"WeakSupport","WeakSupport","0.466 [-0.212, 1.394]","0.572 [-0.059, 1.388]"
"Xylota flavifrons",91,4,37,39,"Xylota","Eristalinae","Saprophagous",1359,NA,"Other",NA,"WeakSupport","WeakSupport","-0.105 [-0.667, 0.475]","-0.09 [-0.597, 0.39]"
"Xylota flavitibia",187,4,57,74,"Xylota","Eristalinae","Saprophagous",1274,12.75,"Other","no","Decline","Decline","-0.583 [-0.831, -0.306]","-0.45 [-0.778, -0.076]"
"Xylota hinei",123,4,59,68,"Xylota","Eristalinae","Saprophagous",828,NA,"Other",NA,"WeakSupport","WeakSupport","0.318 [-0.156, 1.038]","0.379 [-0.052, 0.984]"
"Xylota naknek (atlantica)",228,4,64,75,"Xylota","Eristalinae","Saprophagous",1263,NA,"Other",NA,"WeakSupport","WeakSupport","-0.036 [-0.385, 0.292]","0.114 [-0.319, 0.528]"
"Xylota quadrimaculata (artemita)",777,4,94,144,"Xylota","Eristalinae","Saprophagous",989,NA,"Other",NA,"WeakSupport","WeakSupport","0.082 [-0.133, 0.338]","0.292 [-0.038, 0.717]"
"Xylota subfasciata",578,4,100,121,"Xylota","Eristalinae","Saprophagous",1522,NA,"Other",NA,"WeakSupport","WeakSupport","0.132 [-0.239, 0.589]","0.277 [-0.149, 0.786]"
"Xylota wellesleyana",134,4,13,20,"Xylota","Eristalinae","Saprophagous",124,NA,"Other",NA,"WeakSupport","WeakSupport","-0.223 [-0.84, 0.487]","-0.111 [-0.78, 0.633]"
